Segment Tab,Alignment,Account Name,Logged Sub-Sector,Account ID,Current Licenses,AOV Band,Account Owner
Discrete MFG,Adjacent,A Rocha Canada - Christians in Conservation,"Environment, Energy, and Agriculture",0013000001GWYUc,10,$0,Nikki Kandhari
Discrete MFG,Adjacent,"Adirondack Mountain Club, Inc.","Environment, Energy, and Agriculture",0013000001CC4Ff,10,$1-10k,Jordan Kogan
Discrete MFG,Adjacent,Alice Ferguson Foundation Inc.,"Environment, Energy, and Agriculture",0013000000hJmJb,10,$0,OMARI ALBERT
Discrete MFG,Adjacent,Alliance for Sustainable Colorado,"Environment, Energy, and Agriculture",0013000000LZXbM,10,$1-10k,Mel Sanchez
Discrete MFG,Adjacent,Amazon Conservation Association,"Environment, Energy, and Agriculture",0013000000RYHZp,10,$1-10k,Juleny Degollado
Discrete MFG,Adjacent,Appalachian Voices,"Environment, Energy, and Agriculture",0010M00001QkwL0,15,$1-10k,Jaylen Fenderson
Discrete MFG,Adjacent,Ausbon Sargent Land Preservation Trust,"Environment, Energy, and Agriculture",0013y00001ce3Q0,10,$1-10k,Mary Bamtefa
Discrete MFG,Adjacent,Back Country Land Trust,"Environment, Energy, and Agriculture",0013000000JYLOD,10,$1-10k,Oliver Lockwood-Powell
Discrete MFG,Adjacent,Bluegrass Conservancy Inc,"Environment, Energy, and Agriculture",0010M00001YFkSm,10,$1-10k,Javier Quiroz
Discrete MFG,Adjacent,Building Energy Exchange,"Environment, Energy, and Agriculture",0010M00001P01rw,10,$1-10k,Malik Peters
Discrete MFG,Adjacent,California Land Stewardship Institute,"Environment, Energy, and Agriculture",0013000001FjPlZ,10,$1-10k,DaQuan Davis
Discrete MFG,Adjacent,Carolina Farm Stewardship Association,"Environment, Energy, and Agriculture",0013000000hIxSp,12,$1-10k,Nic Ogorzaly
Discrete MFG,Adjacent,Carolina Sunrock LLC,Building Materials,0013000000D7v2l,17,$10k-50k,Brendan Maseda
Discrete MFG,Adjacent,Clean Air Council,"Environment, Energy, and Agriculture",0013000000NRPlo,17,$1-10k,Robert Coleman
Discrete MFG,Adjacent,Clean Wisconsin,"Environment, Energy, and Agriculture",0013000001Kb1Fg,11,$1-10k,Liz Jones
Discrete MFG,Adjacent,ClearWater Conservancy of Central Pennsylvania **,"Environment, Energy, and Agriculture",0010M00001WY5qO,10,$1-10k,Carter Noskey
Discrete MFG,Adjacent,Coastal Watershed Council,"Environment, Energy, and Agriculture",00130000016ju6t,10,$1-10k,DaQuan Davis
Discrete MFG,Adjacent,Conservation NW,"Environment, Energy, and Agriculture",0013000000NSmNV,12,$1-10k,DaQuan Davis
Discrete MFG,Adjacent,Cumberland River Compact,"Environment, Energy, and Agriculture",0013000000LZT2X,10,$0,Nic Ogorzaly
Discrete MFG,Adjacent,Delaware Riverkeeper Network,"Environment, Energy, and Agriculture",0013000000NQpq6,11,$1-10k,Carter Noskey
Discrete MFG,Adjacent,Deschutes Land Trust,"Environment, Energy, and Agriculture",0010M00001Qadkm,17,$1-10k,Carter Noskey
Discrete MFG,Adjacent,Door County Land Trust Inc,"Environment, Energy, and Agriculture",0010M00001YFkSe,10,$1-10k,Malik Peters
Discrete MFG,Adjacent,Dutchess Land Conservancy,"Environment, Energy, and Agriculture",0010M00001SJSbw,10,$1-10k,Chad Winter
Discrete MFG,Adjacent,EV Hybrid Noire,"Environment, Energy, and Agriculture",0013y00001cScO3,10,$1-10k,Carolyn Cozzolino
Discrete MFG,Adjacent,EarthCorps,"Environment, Energy, and Agriculture",0013000000NQdC1,17,$1-10k,James Cummings
Discrete MFG,Adjacent,Ecology Center,"Environment, Energy, and Agriculture",0013000000rnD8x,10,$0,Polette Guzman
Discrete MFG,Adjacent,Environmental and Energy Study Institute,"Environment, Energy, and Agriculture",0013000000GtjJT,15,$1-10k,Joe McCusty
Discrete MFG,Adjacent,Envision Building Products (Fairway Architectural Railing Solutions),Building Materials,0013000001LWXUr,19,$10k-50k,Erika Laxer
Discrete MFG,Adjacent,Finger Lakes Land Trust Inc,"Environment, Energy, and Agriculture",0010M00001NYU4m,12,$1-10k,Chad Winter
Discrete MFG,Adjacent,"Fire Rock Manufacturing, Inc",Building Materials,0013000000D9eKZ,14,$10k-50k,Sarah LeVine
Discrete MFG,Adjacent,Foundations of Success,"Environment, Energy, and Agriculture",0013000000NQ5MM,10,$1-10k,Nic Ogorzaly
Discrete MFG,Adjacent,GREAT RIVER GREENING,"Environment, Energy, and Agriculture",0013000001CC8E8,10,$1-10k,Ben Kalish
Discrete MFG,Adjacent,Gallatin Valley Land Trust,"Environment, Energy, and Agriculture",0013000001FjUo7,10,$1-10k,Carter Noskey
Discrete MFG,Adjacent,Georgia Strait Alliance,"Environment, Energy, and Agriculture",0013000000rqoCr,11,$1-10k,Nikki Kandhari
Discrete MFG,Adjacent,Georgia-Pacific LLC,Building Materials,0010M00001TyZFE,18,$0,Heather Lider
Discrete MFG,Adjacent,Global Energy Monitor - Nonprofit Cloud Org,"Environment, Energy, and Agriculture",0013y00001eEq1S,10,$0,James Cummings
Discrete MFG,Adjacent,Greenbelt Alliance,"Environment, Energy, and Agriculture",0013000000Ra3c6,10,$1-10k,Keith Dyson
Discrete MFG,Adjacent,Grow Pittsburgh,"Environment, Energy, and Agriculture",0013000000rqmKI,10,$0,Robert Coleman
Discrete MFG,Adjacent,High Country Conservation Center,"Environment, Energy, and Agriculture",00130000016g6Nr,10,$1-10k,Mel Sanchez
Discrete MFG,Adjacent,Huron Pines Resources Conservation and Development Council Inc,"Environment, Energy, and Agriculture",0013000001CC7qs,19,$1-10k,Polette Guzman
Discrete MFG,Adjacent,Institute for Ecological Civilization,"Environment, Energy, and Agriculture",0010M00001XxuaO,,$1-10k,Oliver Lockwood-Powell
Discrete MFG,Adjacent,Jackson Hole Land Trust,"Environment, Energy, and Agriculture",0013000001MsAfW,13,$1-10k,Mel Sanchez
Discrete MFG,Adjacent,Johnson Creek Watershed Council,"Environment, Energy, and Agriculture",0013000000K7MQu,10,$1-10k,Carter Noskey
Discrete MFG,Adjacent,Kalia Inc.,Building Materials,0010M00001Qlg10,11,$10k-50k,Vanessa Leclerc
Discrete MFG,Adjacent,LOWER COLUMBIA ESTUARY PARTNERSHIP,"Environment, Energy, and Agriculture",0013000001CCBWx,10,$1-10k,Carter Noskey
Discrete MFG,Adjacent,Land Trust for Tennessee (2nd Org),"Environment, Energy, and Agriculture",0013y00001h6rcg,22,$1-10k,Nic Ogorzaly
Discrete MFG,Adjacent,Land Trust of Santa Cruz County,"Environment, Energy, and Agriculture",0010M00001YFkSq,10,$1-10k,DaQuan Davis
Discrete MFG,Adjacent,Legacy Land Conservancy,"Environment, Energy, and Agriculture",0013000001GWCd5,14,$1-10k,Carter Noskey
Discrete MFG,Adjacent,Lighthawk,"Environment, Energy, and Agriculture",0013000000NQSH9,18,$10k-50k,Lauren Greenberg
Discrete MFG,Adjacent,Los Angeles Waterkeeper,"Environment, Energy, and Agriculture",0013000001CCcJr,10,$1-10k,Oliver Lockwood-Powell
Discrete MFG,Adjacent,M-RETS,"Environment, Energy, and Agriculture",0010M00001VMcty,10,$1-10k,Liz Jones
Discrete MFG,Adjacent,Mississippi Park Connection,"Environment, Energy, and Agriculture",0010M00001S9I65,10,$0,Liz Jones
Discrete MFG,Adjacent,Missouri River Relief,"Environment, Energy, and Agriculture",0013000001GX0Ce,11,$1-10k,ARDEN LILLY
Discrete MFG,Adjacent,Mojave Desert Land Trust,"Environment, Energy, and Agriculture",0010M00001QoPW2,10,$1-10k,Oliver Lockwood-Powell
Discrete MFG,Adjacent,Monadnock Conservancy,"Environment, Energy, and Agriculture",0013y00001erIFb,10,$1-10k,Mary Bamtefa
Discrete MFG,Adjacent,Mountain Area Land Trust,"Environment, Energy, and Agriculture",00130000016jcqA,10,$1-10k,Mel Sanchez
Discrete MFG,Adjacent,Nature Forward,"Environment, Energy, and Agriculture",0013000001CBwil,10,$0,OMARI ALBERT
Discrete MFG,Adjacent,New Ecology Inc.,"Environment, Energy, and Agriculture",0013000001CBEWS,10,$0,Audrey Kellan
Discrete MFG,Adjacent,North American Land Trust,"Environment, Energy, and Agriculture",0010M00001QacOp,15,$1-10k,Carter Noskey
Discrete MFG,Adjacent,North Carolina Conservation Network,"Environment, Energy, and Agriculture",0013000001CBKK6,19,$1-10k,Nic Ogorzaly
Discrete MFG,Adjacent,Northwest Center for Alternatives to Pesticides,"Environment, Energy, and Agriculture",0013000000GqUMV,10,$1-10k,Carter Noskey
Discrete MFG,Adjacent,OPENLANDS,"Environment, Energy, and Agriculture",0013000001CC8gk,10,$0,Mark DeMott
Discrete MFG,Adjacent,Ocean Conservation Research,"Environment, Energy, and Agriculture",0013000000LBZi2,10,$1-10k,Matt Jung
Discrete MFG,Adjacent,"Pacor, Inc.",Building Materials,00130000016gSIF,14,$10k-50k,Brendan Marley
Discrete MFG,Adjacent,Parley for the Oceans,"Environment, Energy, and Agriculture",0010M00001QqPRu,10,$0,Michael Kneller
Discrete MFG,Adjacent,Partnership for the Delaware Estuary,"Environment, Energy, and Agriculture",0013000000NQqAb,10,$1-10k,OMARI ALBERT
Discrete MFG,Adjacent,Pepperwood Foundation,"Environment, Energy, and Agriculture",0010M00001S9I73,10,$1-10k,Carter Noskey
Discrete MFG,Adjacent,RANGELEY LAKES HERITAGE TRUST INC,"Environment, Energy, and Agriculture",0013000001CC33D,10,$1-10k,Varun Alluri
Discrete MFG,Adjacent,RIVERKEEPER INC,"Environment, Energy, and Agriculture",0013000001CC3tS,15,$10k-50k,Andrew Prince
Discrete MFG,Adjacent,River Partners,"Environment, Energy, and Agriculture",0013000001CCBQN,14,$1-10k,Matt Jung
Discrete MFG,Adjacent,Rocky Mountain Institute,"Environment, Energy, and Agriculture",0013y00001cEOin,10,$1-10k,Gabrielle Kenefick
Discrete MFG,Adjacent,Save The Water,"Environment, Energy, and Agriculture",0013000001JypqA,10,$0,Leah Jost
Discrete MFG,Adjacent,Scardino Doors LLC/French Steel,Building Materials,0010M00001QkVhc,13,$10k-50k,Emma Kern
Discrete MFG,Adjacent,Seattle Tilth Association,"Environment, Energy, and Agriculture",0013000000NRQub,13,$1-10k,James Cummings
Discrete MFG,Adjacent,Society for the Protection of New Hampshire Forests,"Environment, Energy, and Agriculture",0013000000K9PIF,10,$1-10k,Robert Coleman
Discrete MFG,Adjacent,Sudbury Valley Trustees,"Environment, Energy, and Agriculture",0010M00001SpuCh,18,$1-10k,Mary Bamtefa
Discrete MFG,Adjacent,Superior Watershed Partnership,"Environment, Energy, and Agriculture",0010M00001WYi76,18,$10k-50k,Polette Guzman
Discrete MFG,Adjacent,Sustainable Conservation,"Environment, Energy, and Agriculture",00130000016iNdY,10,$0,Matt Jung
Discrete MFG,Adjacent,THE NATIONAL ENVIRONMENTAL EDUCATION AND TRAINING FOUNDATION,"Environment, Energy, and Agriculture",0013000001CC59L,10,$1-10k,Joe McCusty
Discrete MFG,Adjacent,The Big Sur Land Trust,"Environment, Energy, and Agriculture",0013000001CAchA,15,$1-10k,Carter Noskey
Discrete MFG,Adjacent,The Blackfoot Challenge,"Environment, Energy, and Agriculture",0013000000ZlaQR,10,$1-10k,Carter Noskey
Discrete MFG,Adjacent,The Climate Registry,"Environment, Energy, and Agriculture",0013000000LllC7,17,$1-10k,Oliver Lockwood-Powell
Discrete MFG,Adjacent,The Freshwater Trust,"Environment, Energy, and Agriculture",00130000016g6eT,10,$0,Jack Lamb
Discrete MFG,Adjacent,The Horticultural Society of New York,"Environment, Energy, and Agriculture",0013000001Mo3Wn,10,$0,Andrew Prince
Discrete MFG,Adjacent,The Land Trust of Napa County,"Environment, Energy, and Agriculture",0010M00001MtNy4,10,$0,DaQuan Davis
Discrete MFG,Adjacent,Tree Pittsburgh,"Environment, Energy, and Agriculture",0013000000ron3a,10,$1-10k,Carter Noskey
Discrete MFG,Adjacent,"Trees, Water, & People (2nd org)","Environment, Energy, and Agriculture",0013y00001gxMIE,11,$1-10k,Mel Sanchez
Discrete MFG,Adjacent,Truckee Donner Land Trust,"Environment, Energy, and Agriculture",0013000001Mj2QZ,10,$1-10k,DaQuan Davis
Discrete MFG,Adjacent,Ventura Land Trust,"Environment, Energy, and Agriculture",0013y00001cSTLl,14,$1-10k,Oliver Lockwood-Powell
Discrete MFG,Adjacent,Vodaland USA,Building Materials,001ed000015VKLd,17,$10k-50k,Sean Mackrell
Discrete MFG,Adjacent,Washington State Parks Foundation,"Environment, Energy, and Agriculture",0010M00001UV60n,10,$1-10k,DaQuan Davis
Discrete MFG,Adjacent,Watershed Research and Training Center,"Environment, Energy, and Agriculture",0013y00001cg4Sn,10,$1-10k,Matt Jung
Discrete MFG,Adjacent,"WattTime, Corp","Environment, Energy, and Agriculture",0013000001MsX5w,10,$0,Mary Bamtefa
Discrete MFG,Adjacent,Whidbey Camano Land Trust,"Environment, Energy, and Agriculture",0013000001L5nj1,19,$1-10k,DaQuan Davis
Discrete MFG,Adjacent,Woonasquatucket River Watershed Council,"Environment, Energy, and Agriculture",0013000000K9Ivi,10,$0,Varun Alluri
Discrete MFG,Adjacent,YD Window Inc.,Building Materials,0013y00001gsz3T,12,$10k-50k,Joelle Slyter
Discrete MFG,Adjacent,ecoAmerica - Primary Org,"Environment, Energy, and Agriculture",0013000001JxsXi,11,$1-10k,Juleny Degollado
Agriculture,Adjacent,Cayuga Milk Ingredients,Food,0010M00001U3yN7,19,$10k-50k,Angus Begg
Agriculture,Adjacent,"Ralco Nutrition, Inc.",Food,0010M00001Wa3Xz,78,$100k-200k,Gennesis Gean
Agriculture,Adjacent,Triple Crown Nutrition,Food,001ed000005DTHS,34,$10k-50k,Alexandra Gabel
Construction,Adjacent,310 Onsite,Waste Services,001ed00000gtc6A,225,$100k-200k,Juan Sanchez Bahamon
Construction,Adjacent,4G Recycling,Waste Services,0013000001GV0zq,12,$10k-50k,Ashley Swafford
Construction,Adjacent,"A&D Environmental Services, Inc.",Waste Services,0013000000M16Oq,24,$10k-50k,Sha'Ron Williams
Construction,Adjacent,A. B. C. Recycling Ltd,Waste Services,0013000000I5nZw,27,$10k-50k,Tara Scully
Construction,Adjacent,"ACV Environmental Services, Inc.",Waste Services,0010M00001S98IV,1709,$1M-5M,Kehar Iqbal
Construction,Adjacent,Ally Waste Services,Waste Services,0013y00001cjwOw,220,$100k-200k,Kayley Krok
Construction,Adjacent,Arcwood Environmental Services,Waste Services,0010000000076QV,398,$200k-600k,Morgan Anderson
Construction,Adjacent,Athens Services,Waste Services,0013000000M1aeY,147,$200k-600k,Thomas Kratsas
Construction,Adjacent,"Battery Recyclers of America, LLC",Waste Services,0013000001GXBU8,24,$50k-100k,Alec Ovassapian
Construction,Adjacent,"Bigbelly Solar, Inc.",Waste Services,0013000000A9kOp,56,$50k-100k,Robert Fernandes
Construction,Adjacent,Boston Green Company,Waste Services,0013y00001eWzIY,95,$50k-100k,Sophia Afendoulis
Construction,Adjacent,"Burrow Global, LLC",Engineering,0013000000RYlr6,20,$10k-50k,Alyson Barnhart
Construction,Adjacent,CARDS Holdings (2nd Org),Waste Services,001ed00000EiI9O,20,$10k-50k,Olivia Walker
Construction,Adjacent,CRI Environmental Solutions,Waste Services,0013000000GM81s,21,$10k-50k,Will Hoysgaard
Construction,Adjacent,Capitol Environmental,Waste Services,0013000001CCLsf,28,$10k-50k,Brady Mulhern
Construction,Adjacent,Cardella Waste,Waste Services,0013000000RXOKr,203,$100k-200k,Jonathan Hayes
Construction,Adjacent,Circon Intergulf (A Covanta Company),Waste Services,0013000000hLm5W,201,$10k-50k,Tyler Costello
Construction,Adjacent,Clean Harbors Environmental Services Inc.,Waste Services,00130000004DKtc,3879,$1M-5M,Geoff Wright
Construction,Adjacent,Closed Loop Recycling,Waste Services,0013000000rnEEd,22,$50k-100k,Andrew Kline
Construction,Adjacent,Coastal Waste & Recycling Inc,Waste Services,0010M00001WZAbL,100,$100k-200k,Haley Grisanti
Construction,Adjacent,Combined Metal Industries,Waste Services,0013000000rqLDM,71,$50k-100k,Olivier Caron
Construction,Adjacent,Contelligent a Waste Harmonics Brand,Waste Services,0013000001NXw0W,35,$50k-100k,Eric Melia
Construction,Adjacent,Corporate Coverage,Waste Services,0013000000M1oZ5,24,$10k-50k,Joe Earley
Construction,Adjacent,"Crosscheck Inspection Services, LLC",Engineering,0013000001GWkMt,70,$50k-100k,Kiera DeNicola
Construction,Adjacent,Crush Supply,Waste Services,0013y00001cycui,10,$10k-50k,Lindsey Waters
Construction,Adjacent,DW1,Waste Services,0013000001JzJwx,63,$50k-100k,Dylan Norris
Construction,Adjacent,Daniels Health (US HQ),Waste Services,0010M00001QaEj4,544,$600k-1M,Dan Crowe
Construction,Adjacent,Deep Isolation,Waste Services,0010M00001UV0ku,13,$10k-50k,Miley Song
Construction,Adjacent,Denali Water Solutions,Waste Services,0010M00001QmL4h,124,$200k-600k,Bryan Walwyn
Construction,Adjacent,Diversified Waste Solutions,Waste Services,0013y00001f9a6c,24,$10k-50k,Bryce Hausmann
Construction,Adjacent,Dumpsters.com,Waste Services,0013000001CCR8K,307,$200k-600k,Caroline Zammit
Construction,Adjacent,Dynamic Lifecycle Innovations,Waste Services,0013000000roNf3,67,$100k-200k,Kyle Zajdel
Construction,Adjacent,"E-Technologies Group, Inc.",Engineering,0010M00001WaKys,922,$10k-50k,Nicole Smith
Construction,Adjacent,Economy Roll-Offs,Waste Services,0013y00001d1w94,25,$10k-50k,Cailey Hopkinson
Construction,Adjacent,Ecosystem,Engineering,0013000000NRUuF,30,$50k-100k,Sarah Le Pourhiet
Construction,Adjacent,Envita Solutions (frmly- Heritage Interactive Services),Waste Services,0013y00001epbaw,253,$200k-600k,Daniel Kopp
Construction,Adjacent,"First Environmental Nationwide, Inc",Waste Services,0010M00001WaH3K,,$10k-50k,Alex Harrelson
Construction,Adjacent,"Fluor Enterprises, Inc",Engineering,0013y00001beoy4,10,$10k-50k,Jay Dougherty
Construction,Adjacent,"Fluor Enterprises, Inc.*",Engineering,00100000001rtxO,427,$600k-1M,Jay Dougherty
Construction,Adjacent,GFL Environmental,Waste Services,0010M00001QkC4C,790,$600k-1M,Jory Platt
Construction,Adjacent,GFL Environmental Inc.,Waste Services,00130000016gGu1,51,$100k-200k,Jory Platt
Construction,Adjacent,GFL Environmental Services Inc.,Waste Services,0010M00001Waw6D,126,$100k-200k,Jory Platt
Construction,Adjacent,Golden Bear Recycling LLC,Waste Services,0013y00001cIlRU,19,$50k-100k,Nathan Borges
Construction,Adjacent,Good's Disposal Services,Waste Services,001ed00000AUJQs,12,$10k-50k,Lily Momeyer
Construction,Adjacent,Green Rock Strategies,Waste Services,0013y00001ch0xa,37,$50k-100k,Savannah Waters
Construction,Adjacent,GreenSpace Recycling,Waste Services,0013000001Fjkpv,14,$1-10k,Grace Frost
Construction,Adjacent,HPJ Industries,Waste Services,0010M00001Xy0SC,16,$10k-50k,Caroline Zammit
Construction,Adjacent,Hardin & Associates Consulting,Engineering,0010M00001VKjP3,11,$10k-50k,Jack Pappas
Construction,Adjacent,HaulBrooke,Waste Services,0010M00001Qnizn,60,$50k-100k,Mary Moore
Construction,Adjacent,Impact Filtration,Waste Services,001ed0000082aaj,13,$10k-50k,Isabel Carson
Construction,Adjacent,"Implant Recycling, LLC",Waste Services,0013000000M1zmR,16,$10k-50k,Audrey Baker
Construction,Adjacent,Ingenium Group LLC,Waste Services,0013000000Ez2zv,50,$100k-200k,Darren Corsatea
Construction,Adjacent,Interstate Waste Services,Waste Services,0013y00001cQ7jH,225,$200k-600k,Danielle Searls
Construction,Adjacent,JPW Power Solutions,Waste Services,0010M00001UVPlk,20,$10k-50k,Tyler Stapleton
Construction,Adjacent,LRS Recycles,Waste Services,0013000001JyeRr,137,$200k-600k,Rachel Smith
Construction,Adjacent,Louisiana Scrap Metal,Waste Services,0010M00001YFhZg,28,$50k-100k,Anthony Anduiza
Construction,Adjacent,Luna Environmental,Waste Services,0013y00001epDUG,52,$50k-100k,Mallory Bergbower
Construction,Adjacent,Marck Industries Inc (Recycling Org),Waste Services,0013000000NSR8T,,$10k-50k,Joshua Mondesir
Construction,Adjacent,Mazza Recycling Services,Waste Services,0010M00001W7qQc,38,$50k-100k,Noah Sanchez
Construction,Adjacent,"McGill Environmental Systems (McGill, RER, AmeriGrow)",Waste Services,0013000000rpzi0,13,$10k-50k,Dexter Washington
Construction,Adjacent,MedPro Disposal,Waste Services,0013000000ZiiGi,,$100k-200k,Lauren Cox
Construction,Adjacent,Metro Jet Wash Corporation,Waste Services,0013000000hIiNJ,40,$10k-50k,David Garibaldi
Construction,Adjacent,"Modern Disposal Services, Inc.",Waste Services,0013000000M1eGL,30,$10k-50k,Josh Fenster
Construction,Adjacent,"NLR, Inc.",Waste Services,00130000016jeXA,13,$10k-50k,Joe Mandracchia
Construction,Adjacent,Noble Metal Solutions Inc,Waste Services,0013000001Hg8in,32,$100k-200k,Jeremy Siliato
Construction,Adjacent,Northwest Refuse-Maryland Waste Management,Waste Services,0010M00001QoCuX,16,$10k-50k,Dylan Lantry
Construction,Adjacent,PADNOS,Waste Services,0013000001MsxJ7,116,$200k-600k,Megan Colins
Construction,Adjacent,PAW Materials,Waste Services,001ed00000n53lu,14,$10k-50k,Lindsey Waters
Construction,Adjacent,Plastic Fusion Fabricators,Waste Services,0010M00001UM4Na,14,$10k-50k,Karoline Gray
Construction,Adjacent,Plummers Environmental Services,Waste Services,0013000001CCOqc,129,$50k-100k,Eric Melia
Construction,Adjacent,Premier Grease Recycling service,Waste Services,001ed000004yiIS,10,$10k-50k,Sarah Lavelle
Construction,Adjacent,"Radius Recycling, Inc.",Waste Services,0013000000M2RQf,30,$50k-100k,Ian Buncle
Construction,Adjacent,Recology Inc.,Waste Services,0013000000Zjx1Z,145,$100k-200k,John Woodall
Construction,Adjacent,Recycling & Waste Reduction,Waste Services,0013y00001eXRxx,22,$10k-50k,Jack Bradshaw
Construction,Adjacent,Republic Services Procurement Inc.,Waste Services,0010M00001PE6TD,67,$50k-100k,Kehar Iqbal
Construction,Adjacent,Republic Services Procurement Inc.*,Waste Services,0013000000hJerW,5524,$5M-10M,Kehar Iqbal
Construction,Adjacent,"Republic Services, Inc.",Waste Services,0013y00001g9GnF,32,$1-10k,Kehar Iqbal
Construction,Adjacent,Resource Management Inc (RMI),Waste Services,0013000000EzYyH,18,$10k-50k,Craig Bennett
Construction,Adjacent,Reworld Waste,Waste Services,00130000002EV4v,640,$600k-1M,Tyler Costello
Construction,Adjacent,RoadRunner Recycling,Waste Services,0013000001KZoU2,301,$200k-600k,Dillon Hipp
Construction,Adjacent,"Ross Environmental Services, Inc.",Waste Services,0013000001MsqYf,144,$200k-600k,Sha'Ron Williams
Construction,Adjacent,"Rumpke Consolidated Companies, Inc.",Waste Services,0013000000M2Ns9,453,$1M-5M,Emily Plante
Construction,Adjacent,"SAFEBuilt, Inc (2nd Org)",Engineering,0010M00001SelLQ,116,$200k-600k,Jeremy Hanks
Construction,Adjacent,"Shelton Services, Inc.",Waste Services,0013y00001e5UJ2,76,$200k-600k,Thorsten Sahlin
Construction,Adjacent,"St. Pauly Textile, Inc",Waste Services,0013000000NRICn,10,$1-10k,Ashley Mead
Construction,Adjacent,"Stericycle, Inc. (HCS Canada) - Org ID 00D40000000IdIS",Waste Services,0013000000JYe69,177,$100k-200k,Eddie Hussain
Construction,Adjacent,"Stericycle, Inc. (International) - Org ID 00D30000000LfyY",Waste Services,0013000000M1xPl,285,$200k-600k,Eddie Hussain
Construction,Adjacent,"Stericycle, Inc. (Main) - Org ID 00D300000000aLj",Waste Services,001000000024nep,308,$1M-5M,Eddie Hussain
Construction,Adjacent,"Stericycle, Inc. (Monarch) - Org ID 00Df40000023wCj",Waste Services,0010M00001ULbM4,3371,$5M-10M,Eddie Hussain
Construction,Adjacent,Stonemill Partners,Waste Services,0010M00001NYjZL,15,$10k-50k,Brandon Wasson
Construction,Adjacent,Superior Environmental Solutions LLC,Waste Services,0013000001CCXJv,442,$100k-200k,Quinn Dunnigan
Construction,Adjacent,The Imperial Group,Waste Services,0010M00001Qaa8Q,67,$100k-200k,Megan Colins
Construction,Adjacent,Uni-Recycle inc,Waste Services,0010M00001S9PKx,60,$200k-600k,Charlotte Desormeau
Construction,Adjacent,"United Engineering Resources, Inc",Engineering,0013000000NRHgt,12,$10k-50k,Tyler Smith
Construction,Adjacent,Universal Scrap Metal Inc,Waste Services,0013000000JzEcI,14,$10k-50k,Sam Miller
Construction,Adjacent,Veteran Elevator,Engineering,0013y00001gxNjC,19,$10k-50k,Santiago Olaya
Construction,Adjacent,Villéco,Waste Services,0010M00001UVTbF,15,$10k-50k,Alizé Moretti
Construction,Adjacent,WIN Waste Innovations,Waste Services,0013000000hIzxk,245,$600k-1M,Joseph DeSantis
Construction,Adjacent,"Waste Connections of Canada, Inc.",Waste Services,0013000000hJT2l,1511,$1M-5M,Vineet Lal
Construction,Adjacent,Waste Control Services and Recycling,Waste Services,0013000001GW0Ja,17,$1-10k,Sam Yang
Construction,Adjacent,Waste Management,Waste Services,0010M00001WYUBS,20,$10k-50k,Eddie Hussain
Construction,Adjacent,Waste Management National Services Inc.,Waste Services,0013000000NRX7j,9236,$10M-25M,Eddie Hussain
Construction,Adjacent,Waste Management National Services Inc. (Bagco),Waste Services,0013000000JH6Hi,20,$10k-50k,Eddie Hussain
Construction,Adjacent,"Waste Management National Services, Inc.",Waste Services,0010M00001P0HpQ,910,$1M-5M,Eddie Hussain
Construction,Adjacent,Waste Pro USA,Waste Services,0013000000M2Nol,282,$200k-600k,Camden Wentz
Construction,Adjacent,Waste Recovery Systems Inc,Waste Services,0013y00001c6toA,63,$50k-100k,Max Arakelian
Construction,Adjacent,Waste Solution Services,Waste Services,001ed000008GOy3,34,$10k-50k,Charlotte McGuire
Construction,Adjacent,Water Recycling International,Waste Services,0013000001C9uu0,11,$10k-50k,Zack Barbara
Construction,Adjacent,"Young's Environmental Cleanup, Inc.",Waste Services,0013000001MsD9f,11,$1-10k,Mitesh Patel
Discrete MFG,Off-sector,4Refuel Canada Ltd,Integrated Oil,0013000000ZjSxG,13,$10k-50k,Erik Evans
Discrete MFG,Off-sector,AboutFace,"Mental, Physical, and Sexual Health",0010M00001SIHTr,10,$0,Quinn Farrell
Discrete MFG,Off-sector,Agricultural Institute of Marin,Education Related Services,0013000001CCBFG,10,$0,James Cummings
Discrete MFG,Off-sector,"Alys Beach Resorts, LLC",Hotels,0013000000LyyLQ,18,$10k-50k,Jason Ash
Discrete MFG,Off-sector,AmGas Services,Oilfield Services,00130000016iixE,18,$10k-50k,Peter Lane
Discrete MFG,Off-sector,Anhart Community Housing Society,Housing,0010M00001WZUs2,10,$0,Nikki Kandhari
Discrete MFG,Off-sector,Archive Sales,"Broadcasting, Studios & Streaming",0013000000M1pMU,10,$0,Maxwell Kravitz
Discrete MFG,Off-sector,Athens Land Trust,Community Development and Services,0013000000hIhX9,10,$1-10k,Natasha Nielsen
Discrete MFG,Off-sector,Atlas Pressure Control,Oilfield Services,0013y00001f8lmC,15,$10k-50k,Kendra Moore
Discrete MFG,Off-sector,"Atlas SP Partners, L.P.",Asset Management,001ed000005jzsT,89,$1-10k,Colin Farrill
Discrete MFG,Off-sector,Avo Photonics,Diagnostics & Laboratories,00130000005Rjic,10,$10k-50k,JoJo Green
Discrete MFG,Off-sector,Azolla Ventures,Private Equity & Venture Capital,0010M00001QkK1k,14,$10k-50k,Cameron Steele
Discrete MFG,Off-sector,Bath Hound,General Contractors,001ed00000SiB1G,16,$10k-50k,Manfredi Paci
Discrete MFG,Off-sector,Broadway National,Management Services,0013000000GJKWT,18,$10k-50k,Jordan Morrison
Discrete MFG,Off-sector,CLEAResult- Atlas Canada,Consulting Services,0013y00001eDRbI,55,$10k-50k,Kimberly Sobrero
Discrete MFG,Off-sector,Chambersburg Waste Paper,Waste Services,001ed000006pbQJ,10,$10k-50k,Jarred Blackadder
Discrete MFG,Off-sector,Civicorps,Employment Support and Job Training,0013000000J5iqe,10,$0,Colleen Gainey
Discrete MFG,Off-sector,Corefact Corporation,Agency & Advertising,0013000000RaiPL,28,$50k-100k,Dre' Blanks
Discrete MFG,Off-sector,Crane Service Inc,Sub-Contractors,001ed000009M1wO,10,$1-10k,Kate Behlen
Discrete MFG,Off-sector,DC Solar Electric Inc,Solar Contractors,0010M00001WJKcT,31,$10k-50k,Andrew Corbin
Discrete MFG,Off-sector,David Gardiner and Associates,Consulting Services,0013y00001dNFxJ,10,$10k-50k,Caroline Kolet
Discrete MFG,Off-sector,"Dimensional Control Systems, Inc.",Software & Programming Services,0013000000RXjqF,13,$10k-50k,Michael Pupko
Discrete MFG,Off-sector,Distributed Power Solutions,Sub-Contractors,001ed00000azm1R,10,$10k-50k,Andrew Fyfe
Discrete MFG,Off-sector,Drucker Diagnostics,Diagnostics & Laboratories,0013000000NQoWO,11,$10k-50k,Ashley Burke
Discrete MFG,Off-sector,ERW Site Solutions,Sub-Contractors,00130000008eaC0,15,$10k-50k,Brandon Wasson
Discrete MFG,Off-sector,Enex Fuels Ltd.,Integrated Oil,00130000016jlqZ,11,$10k-50k,Morgan Hughes
Discrete MFG,Off-sector,"EnviroVac Holdings, LLC",Waste Services,0013000001GV274,90,$10k-50k,Olivia Stanziale
Discrete MFG,Off-sector,FCG M&A Org,Other Retail,0013y00001cgMCl,11,$10k-50k,Madison Norris
Discrete MFG,Off-sector,FXSolutions,Air Freight,0013000000ZifB4,11,$10k-50k,Lindsay Cordova
Discrete MFG,Off-sector,FastSigns of Jacksonville,Other Retail,0010M00001WZaNF,11,$10k-50k,Olivia Stanziale
Discrete MFG,Off-sector,Fesco,Oilfield Services,00130000002xcpX,12,$10k-50k,Jessica Winter
Discrete MFG,Off-sector,Francis Energy,Electric & Energy Services,001ed00000AUlIJ,57,$10k-50k,Jonathan Praet
Discrete MFG,Off-sector,Green City Force NPSP,Employment Support and Job Training,0010M00001WIExJ,12,$1-10k,Jake Werner
Discrete MFG,Off-sector,Hansen Drilling,Sub-Contractors,001ed000008GmQk,10,$10k-50k,Megan Sullivan
Discrete MFG,Off-sector,Hi-Kalibre Equipment Limited,Oilfield Services,0013000001NXiyp,14,$10k-50k,Gary Walsh
Discrete MFG,Off-sector,IR - Best Aire Compressor Service Inc,Repair Shops & Related Services,0013000001JyiOX,11,$1-10k,Eric Williams
Discrete MFG,Off-sector,Illini Solar Car,"Colleges, Universities, and Professional Schools",0013y00001gCsPO,10,$0,April Parker
Discrete MFG,Off-sector,Indwell Community Homes (2nd Org),Housing,0013y00001f9RI9,15,$1-10k,Karine Duval
Discrete MFG,Off-sector,Insight Garden Program,Social Services,0013000001L658R,10,$1-10k,Keith Dyson
Discrete MFG,Off-sector,"Jansy Packaging, LLC","Mailing, Reproduction & Commercial Art Services",0013000001HfQtD,12,$10k-50k,Joshua O'Dea
Discrete MFG,Off-sector,Kio Cafe,Management Services,00130000008IaNj,11,$10k-50k,Mark Rauseo
Discrete MFG,Off-sector,LIT Lighting,Miscellaneous Personal Services,001ed00001QcT4n,18,$10k-50k,Jordan Papernick
Discrete MFG,Off-sector,Landforce (Pittsburgh Conservation Corps),Employment Support and Job Training,0010M00001Qac9p,10,$0,Robert Coleman
Discrete MFG,Off-sector,Liberty Safe & Security,Repair Shops & Related Services,0013y00001gDWnU,20,$10k-50k,Natalie Fecteau
Discrete MFG,Off-sector,Logiciels Datanova Inc,Software & Programming Services,00130000009yjMp,14,$10k-50k,Geneviève Nickel
Discrete MFG,Off-sector,"Lumencor, Inc.",Diagnostics & Laboratories,0013000000hIhA5,12,$10k-50k,Jesse Oxford
Discrete MFG,Off-sector,Lumina Geophysical- (2nd Org),Oilfield Services,0010M00001Qabzf,12,$10k-50k,Andres Rodriguez
Discrete MFG,Off-sector,"Midco Global, Inc.",Agricultural Services,0013000000rp9ky,13,$10k-50k,Colin Kern
Discrete MFG,Off-sector,Modern Rail Capital,Asset Management,0013000000Ijmci,16,$10k-50k,Tommy Malone
Discrete MFG,Off-sector,National Air Transportation Association,Other,0010M00001WY8nc,22,$50k-100k,Andres Saralegui
Discrete MFG,Off-sector,National Automobile Dealers Association,Other,0013000000Zlv3P,19,$50k-100k,Brendan Maseda
Discrete MFG,Off-sector,Niven Marketing Group,Agency & Advertising,0013000000RZMVi,11,$10k-50k,Giovanni Kannatt
Discrete MFG,Off-sector,Noodoe,Software & Programming Services,0010M00001W8MFI,12,$10k-50k,Jordan Saunders
Discrete MFG,Off-sector,"NoveList, a division of EBSCO",Accounting Services,001ed00000iRtYa,19,$1-10k,Jason Ash
Discrete MFG,Off-sector,Orion Industries,Employment Support and Job Training,0013000000NRtIX,10,$0,Gabriella Snow
Discrete MFG,Off-sector,"PAINTCARE, INC.",Membership Organizations,0013000001GVdaP,10,$0,Matthew Rothman
Discrete MFG,Off-sector,Pentair Management Company: Pelican Water Org,Other Retail,0013000001Fg6lR,10,$10k-50k,Ashley Burke
Discrete MFG,Off-sector,Pivotal IT Services,Software & Programming Services,0013y00001XzYkT,13,$10k-50k,Jack Gates
Discrete MFG,Off-sector,Planteneers LLC,Food,0010M00001QllN6,13,$10k-50k,Aidan Allen
Discrete MFG,Off-sector,"Premier Coil Solutions, Inc.",Oilfield Services,0013000001GXZLP,13,$10k-50k,Matthew Letke
Discrete MFG,Off-sector,Premiere Inc.,Oilfield Services,0010M00001YzxEi,17,$10k-50k,Yvonne Khoury
Discrete MFG,Off-sector,Pro Fence LLC,Sub-Contractors,0010M00001YFina,16,$10k-50k,Pratik Mehta
Discrete MFG,Off-sector,Pump Systems Matter,Other,0010M00001S9Ip5,28,$10k-50k,Chad Winter
Discrete MFG,Off-sector,"Purvis Brothers, Inc.",Integrated Oil,0010M00001SHrLY,10,$1-10k,Kris Grigoryan
Discrete MFG,Off-sector,RAF Industries,Private Equity & Venture Capital,0013y00001f9Dxf,12,$10k-50k,Jeremy Siliato
Discrete MFG,Off-sector,RAF Industries 3rd Org,Wealth Management,001ed00001OcWi6,10,$10k-50k,Jeremy Siliato
Discrete MFG,Off-sector,Rain Engineering,Software & Programming Services,001ed0000048svR,11,$10k-50k,Jacob Williams
Discrete MFG,Off-sector,Regulatory Affairs Professionals Society,Associations and Unions,0013000001CC5IP,10,$1-10k,OMARI ALBERT
Discrete MFG,Off-sector,S&S Conversions,Home Services,0010M00001ULieV,16,$10k-50k,Cedric Lebeault
Discrete MFG,Off-sector,STM Display Sales,Sub-Contractors,001ed00000mIFL8,10,$10k-50k,Dylan Palozzi
Discrete MFG,Off-sector,Softweb Solutions (acquired),Software & Programming Services,0013000001Fj9hX,17,$0,Abby Bowman
Discrete MFG,Off-sector,Spotter Security,Security Systems Services,0013000000IWLMo,14,$10k-50k,Ajand Baranriz
Discrete MFG,Off-sector,Strong Technical Services,Software & Programming Services,001300000025pYT,44,$10k-50k,Dylan Lee
Discrete MFG,Off-sector,Summit Casing Equipment,Oilfield Services,0010M00001QmadZ,14,$10k-50k,Cyrus Sharif
Discrete MFG,Off-sector,Sustainable Green Printing Partnership,Other,0013000001JeKxP,15,$10k-50k,Sarah Taffet-Isaza
Discrete MFG,Off-sector,TGE LLC,Solar Contractors,0013000001MsH2c,15,$10k-50k,Jackson Humphrey
Discrete MFG,Off-sector,"TSG Resources, Inc.",Other Providers,00130000006Vpmz,344,$50k-100k,Lauren Hatzieleftheriadis
Discrete MFG,Off-sector,Teledyne Scientific and Imaging LLC,Software & Programming Services,0013000000GIfFq,17,$0,Riley Mann
Discrete MFG,Off-sector,Think Protection,Security Systems Services,0013000001J6Eta,11,$10k-50k,Alexandra Govas
Discrete MFG,Off-sector,Trash Away LLC,Waste Services,0013y00001g9m8R,14,$10k-50k,Alexandra Patrick
Discrete MFG,Off-sector,"Verizon Media Inc.,",Software & Programming Services,0013y00001bfBUn,176,$1-10k,Colin Farrill
Discrete MFG,Off-sector,Vibration Engineering Consultants,Engineering,0010M00001WZ8RO,13,$10k-50k,Andrew Corbin
Discrete MFG,Off-sector,Vital Ground Foundation Inc,Animal Protection and Wildlife,0010M00001YFkRk,10,$1-10k,Carter Noskey
Discrete MFG,Off-sector,Vitamix Foundation,Philanthropy and Foundations,0013000001GWhaM,10,$0,Carrie Petty
Discrete MFG,Off-sector,Westboro Photonics,Diagnostics & Laboratories,0013000000NPzP8,11,$10k-50k,Dylan Palozzi
Discrete MFG,Off-sector,Western Elite,Waste Services,0013000001CCyEH,13,$10k-50k,Kevin Bonetti
Discrete MFG,Off-sector,esVolta,Electric & Energy Services,001ed0000076aPl,60,$10k-50k,Jack McCarthy
Agriculture,Off-sector,Bushel Plus,OEM,0013y00001dOHti,22,$10k-50k,Jordan Papernick
Agriculture,Off-sector,Condux International (2nd org),OEM,0013y00001dKzvn,20,$50k-100k,Neha Patel
Agriculture,Off-sector,Keeneland Association,Sports & Live Entertainment,0013000001CDBl5,14,$100k-200k,Quinn Dunnigan
Agriculture,Off-sector,"Meridian Bird Removal, Inc.",Home Services,0013000001LViyI,185,$200k-600k,Louis Ghanem
Agriculture,Off-sector,Suite Management Franchising,Miscellaneous Personal Services,0010M00001QqwZZ,53,$200k-600k,Olivia Stanziale
Agriculture,Off-sector,"Valley Agricultural Software, Inc.",Software & Programming Services,0013000000roRLL,100,$200k-600k,Ian Buncle
Construction,Off-sector,365 Equipment and Supply,OEM,0013y00001Z0iOH,13,$10k-50k,Tom O'Connor
Construction,Off-sector,AERMEC North America Manufacturing Corp,OEM,0013y00001e64U9,28,$100k-200k,Giovanni Kannatt
Construction,Off-sector,AQC Industries,Parts Production,0010M00001QnMKb,10,$1-10k,Sarah Supple
Construction,Off-sector,"AWP, Inc",Miscellaneous Business Services,0013000000M1aNn,3230,$600k-1M,Ahron Corral
Construction,Off-sector,AccessSMT-CP,OEM,0013000001GWh72,90,$100k-200k,Lindsay Miller
Construction,Off-sector,"Acima Digital, LLC",Lending,0013000001CAAD3,326,$600k-1M,Jide Onugha
Construction,Off-sector,Aircastle Limited,Asset Management,0013000001LXByP,210,$10k-50k,Bruce Chen
Construction,Off-sector,Alliant National Title Insurance Company,Insurance Carriers - Title & Surety,0013000000C4sWU,30,$50k-100k,Shawn Bowlus
Construction,Off-sector,AmeriSpec,Miscellaneous Business Services,0010M00001WIR3h,10,$10k-50k,Jay Dougherty
Construction,Off-sector,Angi Inc.,Post Acute,001ed000006fh3z,1228,$1M-5M,Scott Seidler
Construction,Off-sector,Aqueos Corporation,Miscellaneous Business Services,0013000000KvwIO,23,$10k-50k,Dan McLaughlin
Construction,Off-sector,Arani - 2nd Org,Distribution Manufacturing,001ed00000s6iKJ,11,$10k-50k,Cedric Lebeault
Construction,Off-sector,"Arcadian Infracom, Inc.",Communications,0013y00001g9jYa,47,$10k-50k,Jacob Patterson
Construction,Off-sector,"Arcadian Infracom, Inc. (Main)",Communications,001ed00001EvZi4,22,$50k-100k,Jacob Patterson
Construction,Off-sector,Architectural Fabrication,Parts Production,0013000001Mj89A,333,$100k-200k,Meg Hosse
Construction,Off-sector,Architectural Woodwork Institute Education Foundation,Other,0013000000GqlpM,18,$10k-50k,Bria Jenkins Blair
Construction,Off-sector,Armoires Cuisines Action,Distribution Manufacturing,0010M00001QaTZw,112,$100k-200k,Jonathan Levy
Construction,Off-sector,Aspen Power Partners,Electric & Energy Services,0013y00001bebaS,93,$10k-50k,Sean O'Neill
Construction,Off-sector,Audien Hearing,Device Manufacturers,0013y00001gDT8J,100,$100k-200k,Angelina Maan
Construction,Off-sector,Avadek,Parts Production,0010M00001QqYcJ,23,$10k-50k,Dana Mohrman
Construction,Off-sector,Avicado,Software & Programming Services,0010M00001Yb7uR,28,$100k-200k,Ryan Brescia
Construction,Off-sector,BOSS Facility Services,Management Services,0013000000NRP0p,10,$10k-50k,Robert Murillo
Construction,Off-sector,Barton & Gray Mariners Club,Fitness & Recreation Storefronts/ Facilities,0013000001L5zVF,25,$10k-50k,Sam Turcotte
Construction,Off-sector,Beedie Luminaries Foundation,Philanthropy and Foundations,0010M00001U3r8f,20,$10k-50k,Nikki Kandhari
Construction,Off-sector,Bilt Rewards,Payments,0013y00001cU5NJ,30,$200k-600k,Adara Kotsifas
Construction,Off-sector,Blackpoint Cyber,Software & Programming Services,0010M00001QkD8I,100,$100k-200k,Kathryne Housey
Construction,Off-sector,"Blood Hound, LLC",Consulting Services,0013000000rnYu5,,$200k-600k,Emily Russe
Construction,Off-sector,Blue Industries,Household Durables,0010M00001Qad0e,55,$50k-100k,Amy Cai
Construction,Off-sector,Brain Portfolio,Device Manufacturers,0010M00001THJ1W,31,$50k-100k,Cody Zach
Construction,Off-sector,Building Up,Employment Support and Job Training,0010M00001XxiDH,10,$0,Quinn Farrell
Construction,Off-sector,Building Up (New NPC Org),Employment Support and Job Training,0013y00001eU4h7,22,$10k-50k,Quinn Farrell
Construction,Off-sector,BuildingPoint Pacific,OEM,00130000000lUKi,28,$10k-50k,Andrew Fyfe
Construction,Off-sector,Bullitt Staffing Inc.,Staffing Agencies,0013000001CD8vk,33,$10k-50k,Nigel Paes
Construction,Off-sector,Butler Plus,Car & Truck Freight,0010M00001QaLtQ,25,$10k-50k,Kehar Iqbal
Construction,Off-sector,Cal Water,"Energy, Agriculture and Environment",0013y00001dWufD,20,$600k-1M,Becky Zilis
Construction,Off-sector,"California Closet Company, Inc.",Distribution Manufacturing,00100000000vyzK,1912,$1M-5M,Timothy Starr
Construction,Off-sector,CaptureINTEL a Marsden Company,"Detective, Guard, & Armored Car Services",0013000001FjDD0,20,$10k-50k,Jacqueline Piratello
Construction,Off-sector,CarenetHealth,Other Providers,0013000001JzQFL,178,$200k-600k,Eddie Hussain
Construction,Off-sector,City of New York - Department of Sanitation - Online Recycle Marketplace,"Energy, Agriculture and Environment",0013000000ZjSnV,80,$50k-100k,Beaumont Papan
Construction,Off-sector,Coastal Well Service LLC,Oilfield Services,0013000001CD7Bl,269,$100k-200k,Quinn Dunnigan
Construction,Off-sector,Collaborative Technology Solutions International LLC,Technology Business Services,0013y00001f99ze,35,$50k-100k,Haley Holcomb
Construction,Off-sector,CompanyCam,Software & Programming Services,0013000001M1KKO,204,$600k-1M,Abbey Dyke
Construction,Off-sector,"Datawatch Systems, Inc.",Security Systems Services,0013000000ATDeA,43,$50k-100k,Jacqueline Piratello
Construction,Off-sector,"Daubert Chemical Company, Inc",Chemicals,0013000000JIcaz,52,$50k-100k,Brandon Straeb
Construction,Off-sector,Day Worker Center of Mountain View,Employment Support and Job Training,0013000000NRdDg,10,$0,Matt Jung
Construction,Off-sector,Discount Lots (2nd Org),"Agents, Dealers & Managers",001ed00000C1sxA,24,$1-10k,Eshanee Sadhukhan
Construction,Off-sector,DuChateau,OEM,0013000001CCR5p,50,$100k-200k,Wes Parsel
Construction,Off-sector,ECI Consulting,Consulting Services,0010M00001NYUUQ,110,$50k-100k,Brian Leslie
Construction,Off-sector,EDO 2nd Org (Do not prospect),Communications,0013y00001eU0QE,17,$1-10k,Ryan Heimerich
Construction,Off-sector,EDO LLC,Communications,0013y00001dObg3,35,$200k-600k,Ryan Heimerich
Construction,Off-sector,EQUANS NORAM (North America),Electric & Energy Services,0013y00001cfkSE,130,$1-10k,Stephani Robinson
Construction,Off-sector,Enviroshake,Parts Production,0010M00001Y5O0u,20,$50k-100k,Sina Bazherang
Construction,Off-sector,Equipter,OEM,0013000000HGos5,110,$200k-600k,Geoff Nolan
Construction,Off-sector,Everest Infrastructure Partners,Communications,0013y00001g9FWD,114,$10k-50k,Bobby Jack
Construction,Off-sector,FERA Diagnostics and Biologicals,Animal Health,0013y00001foZa2,21,$10k-50k,Nicole Abramson
Construction,Off-sector,Feralloy Corporation,Parts Production,0013000000LzvCE,203,$200k-600k,Adrian Maynes
Construction,Off-sector,"Financial Supermarkets, Inc.",Banks,0013000001CAgII,10,$10k-50k,Cydni Lewis
Construction,Off-sector,Four County Electric Membership Corporation,Electric & Energy Services,0013000001JyezX,42,$50k-100k,Kenneth Mickens
Construction,Off-sector,Gray Foundation,Philanthropy and Foundations,0013y00001ck5ue,10,$1-10k,Colleen Gainey
Construction,Off-sector,"Group PMX, LLC",Management Services,0013000001Mnopq,34,$50k-100k,Marissa Babitz
Construction,Off-sector,"Halton Group Americas, Inc.",OEM,0010M00001YavMv,685,$200k-600k,Dylan Kufeld
Construction,Off-sector,Handsome Homebuyer,"Agents, Dealers & Managers",001ed00000gJHTB,27,$1-10k,Brian Monks
Construction,Off-sector,"Heating, Airconditioning & Refrigeration Distributors Int L",Other,0013000001GYUYv,28,$10k-50k,Matthew Beres
Construction,Off-sector,Heelstone Renewable Energy LLC,Electric & Energy Services,001ed00000ik9II,63,$10k-50k,Jacob Williams
Construction,Off-sector,Hexagon Autonomous Solutions (fka. NovAtel),Measurement Equipment,0013000000241SN,343,$600k-1M,Lindsay Miller
Construction,Off-sector,Hollman,Distribution Manufacturing,0013000000ZjerM,80,$200k-600k,Max Leach
Construction,Off-sector,Hope Renovations,Philanthropy and Foundations,0010M00001WA8Yf,11,$1-10k,Joe McCusty
Construction,Off-sector,Hospitality Staffing Solutions Llc (Parent) - KBS,Staffing Agencies,0013000000Kx8lc,63,$100k-200k,Rosanne Siegal
Construction,Off-sector,"Hutcheson Engineering Products, Inc.",OEM,001ed00000hg2sf,20,$10k-50k,Mathew Zanfini
Construction,Off-sector,InEight Inc.,Software & Programming Services,0013000000HF79x,321,$600k-1M,Nathan Woodring
Construction,Off-sector,Intellihot (2nd Org),Distribution Manufacturing,0010M00001SIfEo,50,$50k-100k,Michael Jones
Construction,Off-sector,Jump-In Northwest,Family and Youth Services,001ed00000yeqVC,10,$0,Zachary Powdermaker
Construction,Off-sector,Keysteel,Distribution Manufacturing,00130000016jkjX,12,$10k-50k,Emma Olszewski
Construction,Off-sector,Kodiak Labor Solutions,Staffing Agencies,0013y00001gDjlZ,287,$100k-200k,George Michalopoulos
Construction,Off-sector,Labor Management Cooperation,Other,0013y00001Y0TlL,10,$10k-50k,Alexandra Patrick
Construction,Off-sector,Layher Inc.,OEM,0010M00001V6a1Q,40,$50k-100k,David Lee Duggins
Construction,Off-sector,Lifa Gestion Immobilière Inc,"Agents, Dealers & Managers",0013000001GWgam,13,$10k-50k,Jonathan Levy
Construction,Off-sector,LodgeLink,Technology Business Services,0010M00001UVMqX,42,$10k-50k,Raj Ravalia
Construction,Off-sector,Lolly Law,Legal Services,0013000000hK9IX,12,$10k-50k,Daniel Hartz
Construction,Off-sector,Lord Baltimore Uniform,Miscellaneous Personal Services,0010M00001QmgXX,20,$50k-100k,Nathan Borges
Construction,Off-sector,LumaBuilt,OEM,0013y00001crM04,16,$10k-50k,Ryann Wagner
Construction,Off-sector,Merchant Flow,Wealth Management,001ed00000flofD,16,$10k-50k,Caroline Pollard
Construction,Off-sector,Miracle Mile Community Improvement District,Social Services,001ed00000LlIgX,10,$0,Gabriella Snow
Construction,Off-sector,"Monument Chemical, Inc",Chemicals,0013000000rqpAV,50,$50k-100k,Morgan Anderson
Construction,Off-sector,NEIS Collective(CIF),OEM,0013y00001g5Pti,10,$10k-50k,Angus Begg
Construction,Off-sector,NTA,Miscellaneous Business Services,0010M00001SHvLS,16,$10k-50k,Danielle Desso
Construction,Off-sector,NW Biofuel,Airlines,001ed00000eyU4D,21,$50k-100k,Emily Vasquez
Construction,Off-sector,National Ready Mixed Concrete Association,Other,001300000023zqh,10,$10k-50k,Angela Mecaj
Construction,Off-sector,Netplus Alliance Inc,Distribution Manufacturing,00130000016hOnd,27,$50k-100k,Mitchell Over
Construction,Off-sector,Norseman Inc.,Textiles,0013000001CAbYM,35,$10k-50k,Stephen Li
Construction,Off-sector,Norseman Structures,Textiles,0013000001MsFbC,12,$10k-50k,Stephen Li
Construction,Off-sector,O'Keefe Millwork,Distribution Manufacturing,0013y00001dL4ap,12,$10k-50k,Neha Patel
Construction,Off-sector,"OMT Addiction Campuses, LLC",Ambulatory,001ed00000qa53F,100,$50k-100k,Alexandra Tocci
Construction,Off-sector,Openlands (Lands in Harmony),"Environment, Energy, and Agriculture",00130000016jg3y,10,$0,Mark DeMott
Construction,Off-sector,PSE Inc,"Combined Electric, Gas, & Services",0013000001NXrfg,542,$200k-600k,Abby Howard
Construction,Off-sector,Pacific Building Systems,OEM,001ed00000flno6,11,$10k-50k,Lauren Whitehead
Construction,Off-sector,Palomar Modular Buildings*,OEM,00130000016hLNS,12,$10k-50k,Cody Zach
Construction,Off-sector,"Phoenix Tower International, LLC",Communications,0013y00001eEOe4,733,$200k-600k,Cody Herr
Construction,Off-sector,Pillar To Post Inc,Consulting Services,00130000009Ld3v,276,$1M-5M,Claude Cossette
Construction,Off-sector,Pioneer Millworks,Distribution Manufacturing,0013000000hJVFZ,30,$50k-100k,Craig Fishman
Construction,Off-sector,Pivot Energy,Electric & Energy Services,0010M00001WJBue,271,$200k-600k,Brooks Covington
Construction,Off-sector,"Plumb Signs, Inc.",Distribution Manufacturing,0013000000RZLfn,91,$50k-100k,Tyler Smith
Construction,Off-sector,Precious Metal Refining Services,Other Process MFG,0013000000NQtcl,20,$10k-50k,Noah Savaria
Construction,Off-sector,Quality Uptime Services,Electrical Components,0013000000240zf,332,$100k-200k,Andy Mackiewicz
Construction,Off-sector,REI Residential Elevators Incorporated,OEM,0013000001NX4zD,,$200k-600k,Gavin Bell
Construction,Off-sector,"REsides, Inc.","Agents, Dealers & Managers",0013000001GVgdQ,13,$50k-100k,Daniel Rovick
Construction,Off-sector,RTK Environmental Group LLC,Miscellaneous Business Services,0010M00001SJQIT,16,$10k-50k,Craig Bennett
Construction,Off-sector,Real Property Management Last Frontier,"Agents, Dealers & Managers",0013000001L69HV,33,$50k-100k,Claire Freeman
Construction,Off-sector,"Rent-A-Center Texas, L.P.",Other Retail,0010M00001WY9g3,10659,$1M-5M,Jide Onugha
Construction,Off-sector,Rochester Homes,OEM,0013000000M2Qua,13,$10k-50k,Sam Miller
Construction,Off-sector,SITE Technologies (main),Miscellaneous Business Services,0013000000Ziela,21,$100k-200k,Isaiah Simmons
Construction,Off-sector,STI Firestop (Specified Technologies),Chemicals,0013000000LW6Xz,152,$200k-600k,Tatianna Newland
Construction,Off-sector,Safety Management Group,Miscellaneous Business Services,0013000000C5Kvh,70,$50k-100k,Caroline Pollard
Construction,Off-sector,"Safway Services, LLC*",OEM,00100000000mhXN,1751,$1M-5M,Dan McLaughlin
Construction,Off-sector,Salex Inc.,OEM,0013y00001d6o2G,58,$50k-100k,Amy Lawson
Construction,Off-sector,Satterwhite Companies Inc.,OEM,00130000005zQys,25,$50k-100k,Tessa Babinsky
Construction,Off-sector,Second Chance Inc (NPC Org),Employment Support and Job Training,001ed00000q4zJx,20,$1-10k,Steve Bartomioli
Construction,Off-sector,Sole Construction Partners,Consulting Services,0013y00001fohk2,40,$50k-100k,Angelo Avino
Construction,Off-sector,Solitude Lake Management,Agricultural Services,0010M00001PDtFA,500,$600k-1M,Jonathan Cournoyer
Construction,Off-sector,Sound Specialists (2nd Org),Consumer Electronics,001ed00000cLW5T,31,$10k-50k,Ethan Knipfer
Construction,Off-sector,"Stericycle, Inc. (Shred-it International) - Org ID 00DG0000000ChCZ",Miscellaneous Business Services,00130000004GZEc,372,$200k-600k,Eddie Hussain
Construction,Off-sector,Sustainable Westchester Inc.,"Environment, Energy, and Agriculture",0013y00001emLjL,,$1-10k,Andrew Prince
Construction,Off-sector,TROSA,"Mental, Physical, and Sexual Health",0010M00001QaZdm,10,$0,Jaylen Fenderson
Construction,Off-sector,Terminal Investment Corporation DBA TICO Manufacturing,OEM,0013000001JycFD,30,$10k-50k,Evan Barefoot
Construction,Off-sector,The Lennar Foundation Inc,Philanthropy and Foundations,0010M00001Y5RdM,10,$0,Melissa Richard
Construction,Off-sector,The Public Restroom Company,OEM,0013000000GL6lx,33,$50k-100k,Andrew Ensign
Construction,Off-sector,Tippmann Affiliated Group - Polar King,OEM,0010M00001QoWHx,31,$50k-100k,Shaquelle Guthrie
Construction,Off-sector,Total Service Solutions,Repair Shops & Related Services,0013000001GX4Bk,73,$100k-200k,Rosanne Siegal
Construction,Off-sector,Total Service Solutions (2nd org),Repair Shops & Related Services,0013y00001g8uM9,12,$50k-100k,Rosanne Siegal
Construction,Off-sector,Trowel Craft Group,Consulting Services,001ed00001Dh8bt,72,$100k-200k,Jonathan Hoffing
Construction,Off-sector,True North Labour,Staffing Agencies,0010M00001S9DGe,18,$50k-100k,Varun Uday
Construction,Off-sector,"USIC, LLC","Combined Electric, Gas, & Services",0013000000M2O52,114,$100k-200k,Emily Russe
Construction,Off-sector,United Contractors,Other,00130000016j0V5,34,$50k-100k,Jeremy House
Construction,Off-sector,VIVA Railings,Parts Production,0013000000RWwHO,33,$50k-100k,Kal Jacobsen
Construction,Off-sector,Velentium LLC,Device Manufacturers,0013000001Jyh5s,19,$10k-50k,Cyrus Sharif
Construction,Off-sector,Verdigrass,Sports & Live Entertainment,001ed00001EoOrS,12,$10k-50k,Brianna Hudson
Construction,Off-sector,"WTS Paradigm, LLC",Software & Programming Services,0010M00001SpnuX,86,$200k-600k,Rosanne Siegal
Construction,Off-sector,WV Voluntary Organizations Active in Disaster,Humanitarian and Crisis Relief,0013y00001c4jda,10,$0,Andrew Prince
Construction,Off-sector,Willis Lease Finance Corporation,Asset Management,0010M00001WY2xl,450,$50k-100k,Kyle Powell
Construction,Off-sector,Willis Lease Finance Corporation - AvSight Org (OEM - DUPE),Asset Management,0010M00001WYCUo,61,$10k-50k,Kyle Powell
Construction,Off-sector,Willis Lease Finance Corporation - AvSight Org 2 (DUPE),Asset Management,0010M00001WaiP0,48,$10k-50k,Kyle Powell
Construction,Off-sector,Willis Lease Finance Corporation - UK - AvSight,Asset Management,0010M00001WZMfK,68,$10k-50k,Kyle Powell
Construction,Off-sector,Wren industries,Distribution Manufacturing,001ed00000tymTY,11,$10k-50k,Carlton Dwyer
Construction,Off-sector,Wurtec Inc,OEM,0010M00001Qabt3,51,$100k-200k,Caroline Zammit
Construction,Off-sector,YES Leasing,Asset Management,0013y00001foiuh,26,$1-10k,Anthony Martinez
Construction,Off-sector,YouthBuild Boston,Employment Support and Job Training,0013000000ZkBqh,10,$0,Audrey Kellan
Construction,Off-sector,iGas USA,Other Process MFG,0010M00001THFPd,20,$10k-50k,Sarvin Tavakol
Construction,Off-sector,"mHelpDesk, Inc.",Software & Programming Services,0013000001CBWps,26,$10k-50k,Scott Seidler
Mining,Off-sector,Americas Gold Company LLC,Wealth Management,001ed00000bmtBR,25,$50k-100k,Miles O'Brien Schridde
Mining,Off-sector,Association for Mineral Exploration,Other,001ed000018ar2J,16,$10k-50k,Lexie Friedrich
Mining,Off-sector,"Coeur Capital, Inc.",Lending,0010M00001WkeVB,12,$10k-50k,Morgan Anderson
Mining,Off-sector,Core Scientific,Other Process MFG,0013000001M1GeX,42,$100k-200k,Katherine Psihoules
Mining,Off-sector,Eberl Iron Works,Parts Production,0013y00001cb7xs,10,$10k-50k,Sarah Taffet-Isaza
Mining,Off-sector,OR Royalties Inc.,REITs and Other Trusts,0013y00001gfgbK,15,$10k-50k,Julie Calmon
Engineering,Unclassified,100 Fold Studio,,00130000016iGKQ,10,$0,Matt Jung
Engineering,Unclassified,AEC,,0010M00001QkPl4,50,$50k-100k,Victoria Mebus
Engineering,Unclassified,AECOM,,00100000001Xyxt,3022,$1M-5M,Adrian Maynes
Engineering,Unclassified,AECOM,,0010M00001JziSc,13,$10k-50k,Adrian Maynes
Engineering,Unclassified,AMP Robotics Corporation,,0013000001Jz11q,45,$100k-200k,Jarryd Ross
Engineering,Unclassified,"ATCS, Inc.",,0013000001CAcGE,45,$50k-100k,Scott Wims
Engineering,Unclassified,Advantage Engineers (xEAM),,0010M00001Qk4H4,292,$10k-50k,Meagan Tran
Engineering,Unclassified,Aedifica Inc,,0013000001GWcP0,161,$10k-50k,Charlotte Desormeau
Engineering,Unclassified,Aegis Project Controls,,0010M00001Spysk,30,$50k-100k,Abbey Combest
Engineering,Unclassified,AeroTech Mapping,,00130000016iKBt,24,$10k-50k,Maxwell Moody
Engineering,Unclassified,Agile Interiors,,0010M00001QoAQQ,29,$10k-50k,Jon Boorom
Engineering,Unclassified,Allen American Hockey Club,,0010M00001XxxaN,10,$1-10k,Charles Kleist
Engineering,Unclassified,Amerapex Corporation,,0013000000NRVcx,530,$100k-200k,Emily Cucurello
Engineering,Unclassified,American Institute of Steel Construction,,0013000001J7g8f,39,$100k-200k,Abbey Dyke
Engineering,Unclassified,Aperture LLC,,0013y00001cyfnk,401,$200k-600k,Cyrus Sharif
Engineering,Unclassified,Applied Engineering Incorporated,,00130000016j9fG,22,$10k-50k,Ashley Voss
Engineering,Unclassified,Apptronik Inc.,,0013y00001epHzd,259,$200k-600k,Nicholas Mpistolarides
Engineering,Unclassified,Aptim,,0010M00001SIGgy,232,$200k-600k,Zak Levesque
Engineering,Unclassified,ArchSpec Sales Dallas,,0010M00001Y5PRc,22,$10k-50k,Stan Stater
Engineering,Unclassified,Architectural Design and Sign,,0013000000rndOR,32,$10k-50k,Hanna Michael
Engineering,Unclassified,Architectural League of New York,,0013000000hJcEl,10,$1-10k,Malik Peters
Engineering,Unclassified,Architectural Material Solutions,,0013000001MrO7Y,13,$10k-50k,AARON SUTTON
Engineering,Unclassified,Arora Engineers,,0013000000ZkShs,86,$100k-200k,Ajay Bajwa
Engineering,Unclassified,"Arro Consulting, Inc.",,0013000001JyfLw,25,$10k-50k,Zohra Hakim
Engineering,Unclassified,"Ata Engineering, Inc.",,0013000000FcuOl,30,$10k-50k,Katie Padama
Engineering,Unclassified,Avanceon Actemium,,001300000049cF7,38,$10k-50k,Katie Quinlan
Engineering,Unclassified,Axient,,0010M00001QlVkF,,$100k-200k,Regina Kassar
Engineering,Unclassified,"BSB Design, Inc.",,0013000001CD2BF,105,$100k-200k,Leslie Bradshaw
Engineering,Unclassified,Baker Barrios,,0010M00001Qk4nP,13,$10k-50k,Jeffrey Casser
Engineering,Unclassified,Barge Design Solutions,,00130000002xcl0,83,$100k-200k,Gray Toth
Engineering,Unclassified,Bear Electrical Solutions (main org),,0013000001CAvwt,50,$50k-100k,Max Rutz
Engineering,Unclassified,Bertec Corporation,,0013000000IUUpn,23,$10k-50k,Ethan Singal
Engineering,Unclassified,Black & Veatch Corporation,,00100000001L6rU,1370,$1M-5M,George Michalopoulos
Engineering,Unclassified,Black & Veatch Net Zero Cloud,,0013y00001cShDN,13,$100k-200k,George Michalopoulos
Engineering,Unclassified,Blattner Company,,0013000001J7AQW,189,$200k-600k,Adrian Maynes
Engineering,Unclassified,Blew & Associates P A,,0013y00001XzS18,15,$50k-100k,Graham Hopkins
Engineering,Unclassified,Bohlin Cywinski Jackson,,0010M00001V6Ysh,15,$10k-50k,Mark Terry
Engineering,Unclassified,Boston Engineering,,0013000000ZkIVy,14,$10k-50k,Natalia de Dalmas
Engineering,Unclassified,Build Health International,,0010M00001S9RC8,10,$1-10k,Audrey Kellan
Engineering,Unclassified,"Building Engineering-Consultants, Inc.",,0013y00001cvurL,41,$100k-200k,Tess Viola
Engineering,Unclassified,CDM Smith Inc.,,00100000001T7rX,435,$600k-1M,Dan McLaughlin
Engineering,Unclassified,CDR Emergency Management,,0013y00001cQ9Ma,51,$200k-600k,Blair Byrnes
Engineering,Unclassified,"CGP&H, LLC",,0013000001GWTPE,52,$100k-200k,Braeden Murray
Engineering,Unclassified,CSI Engineering Inc,,0013y00001g9Rfm,12,$10k-50k,Jacob Williams
Engineering,Unclassified,CannonDesign,,00130000002xZrk,10,$10k-50k,Jackie Noonan
Engineering,Unclassified,Cityside Fiber,,0013y00001bdtAl,42,$10k-50k,Oliver Calhoun
Engineering,Unclassified,Civic Committee of The Commercial Club of Chicago (new),,0010M00001Qo2MX,16,$10k-50k,Maddie DiLeonardi
Engineering,Unclassified,"Clean Energy & Infrastructure, LLC",,0013000001CBzKr,158,$200k-600k,Jacqueline Piratello
Engineering,Unclassified,ClimeCo,,0013000001CAJLC,61,$100k-200k,Ilia Khairetdinov
Engineering,Unclassified,"Cobalt Digital, Inc.",,0013000000RXHqe,13,$10k-50k,Jameson Spirgi
Engineering,Unclassified,Colt Group,,0010M00001Qk4oZ,31,$10k-50k,Sarvin Tavakol
Engineering,Unclassified,Community Design Collaborative,,0013000000NSGpk,10,$1-10k,Carter Noskey
Engineering,Unclassified,"Concordia Wireless, Inc.",,0013y00001hEA6d,95,$10k-50k,Ashley Voss
Engineering,Unclassified,"Contech Control Services, Inc.",,00130000002xdPy,20,$10k-50k,Alyson Barnhart
Engineering,Unclassified,"ControlPoint Technologies, Inc.",,0010M00001WYsbb,10,$1-10k,Nolan Pizzi
Engineering,Unclassified,Council on Tall Buildings and Urban Habitat,,0010M00001WJhTy,,$1-10k,Mark DeMott
Engineering,Unclassified,Council on Tall Buildings and urban Habitat (Dup),,0013000001CCIEz,10,$0,Mark DeMott
Engineering,Unclassified,"Counsilman-Hunsaker and Associates, Inc.",,0013y00001cIUIi,39,$50k-100k,NOAH COPLAN
Engineering,Unclassified,Crown Surface Solutions,,0013y00001eX2QD,17,$10k-50k,Caitlin Faraone
Engineering,Unclassified,"Custom Steam Solutions, Inc",,0010M00001QqLTE,13,$10k-50k,Ajand Baranriz
Engineering,Unclassified,DIAS Geophysical,,0013y00001dW7kX,20,$10k-50k,Mitchell Steggerda
Engineering,Unclassified,DS Graphics,,0010M00001QoADi,23,$10k-50k,Chloe Ruest
Engineering,Unclassified,Deeproot Green Infrastructure LLC,,00130000000DJTp,81,$50k-100k,Dennis Garcia
Engineering,Unclassified,Deepwater Corrosion Services Inc.,,00130000016hZeq,50,$100k-200k,Andrew DaCosta
Engineering,Unclassified,Diller Scofidio + Renfro,,0013y00001Y0V1B,12,$10k-50k,Sam Turcotte
Engineering,Unclassified,Diode Ventures,,0013y00001eX7YN,50,$200k-600k,George Michalopoulos
Engineering,Unclassified,Disher,,0013000001MsmsU,173,$50k-100k,Mitesh Patel
Engineering,Unclassified,Donohue & Associates Inc,,0010M00001Qk4Ra,50,$10k-50k,Hunter Martin
Engineering,Unclassified,Economic Architecture,,0013y00001cbc1s,11,$1-10k,Joe McCusty
Engineering,Unclassified,Ehvert Inc,,0013000000M1qq3,13,$10k-50k,Gary Walsh
Engineering,Unclassified,"Electric Power Engineers, Incorporated*",,0010M00001PE2ti,155,$200k-600k,Jared McPherson
Engineering,Unclassified,Elire Inc.,,00130000009GLPq,190,$50k-100k,Neha Patel
Engineering,Unclassified,"Enercon Services, Inc",,00130000002xbZW,190,$200k-600k,Camden Wentz
Engineering,Unclassified,Energy Corps,,001ed00000OkOJI,22,$1-10k,Carter Noskey
Engineering,Unclassified,EnergySolutions Nuclear Services,,00130000002xbZe,12,$10k-50k,Tim Maguire
Engineering,Unclassified,"Engineered Corrosion Solutions, LLC",,0010M00001Qmc7c,257,$200k-600k,Madison Vrugt
Engineering,Unclassified,Engineered Tower Solutions OEM,,0013y00001Z0vUq,130,$10k-50k,Kristy McGale
Engineering,Unclassified,"Euro-Wall, LLC",,0013000001MrgeE,32,$50k-100k,Ashley Swafford
Engineering,Unclassified,Fanning Howey,,0013000000rnfRu,145,$10k-50k,Natalie Oliver
Engineering,Unclassified,First Principles Foundation,,0013y00001fF7TV,13,$10k-50k,Quinn Farrell
Engineering,Unclassified,First Principles Inc,,001ed00001EY9jU,10,$1-10k,Quinn Farrell
Engineering,Unclassified,Formcraft,,0010M00001QkCpR,18,$10k-50k,Emma Keenan
Engineering,Unclassified,"Gecko Robotics, Inc.",,0010M00001Qo6gG,77,$200k-600k,Craig Fishman
Engineering,Unclassified,Geo-Solutions,,0013000000hJ034,20,$10k-50k,Craig Fishman
Engineering,Unclassified,GeoDigital International,,0013000000M20K8,38,$50k-100k,Joshua Crohn
Engineering,Unclassified,Grindley Williams,,0010M00001WAC8S,85,$50k-100k,Jake Hildebrandt
Engineering,Unclassified,Ground Penetrating Radar Systems,,0013000001CCMMQ,375,$200k-600k,Natalie Oliver
Engineering,Unclassified,Gémitech Inc.,,0010M00001QlyHA,18,$10k-50k,Cedric Lebeault
Engineering,Unclassified,Haag Global Inc.,,0013000001GXVv4,190,$100k-200k,Jonathan Edin
Engineering,Unclassified,Heath Consultants Incorporated,,00130000002xdHX,27,$50k-100k,Seth Brown
Engineering,Unclassified,Helpful,,0013y00001ce6rg,10,$0,Carrie Petty
Engineering,Unclassified,Herzig Engineering,,0013000000roat8,133,$100k-200k,Ashley Swafford
Engineering,Unclassified,Hester Street Collaborative,,0013000000GtghC,10,$0,Michael Kneller
Engineering,Unclassified,Hidden Level,,0013y00001c7IF9,36,$100k-200k,JARELL BANNISTER
Engineering,Unclassified,Hiller Measurements,,0013000001CCdc6,10,$10k-50k,Nick Gonzalez
Engineering,Unclassified,"Holmes Drafting Services, LLC",,0010M00001WIGNc,12,$10k-50k,Miles Chapman
Engineering,Unclassified,"Humphreys & Partners Architects, LP",,0013000000rqm4U,61,$100k-200k,Jacqueline Smith
Engineering,Unclassified,"Hydromax USA, LLC",,0013000001J6cYj,38,$50k-100k,Phil Hollway
Engineering,Unclassified,Hylan Holdings LLC,,0013y00001Z0sSB,105,$10k-50k,Gary Valleau
Engineering,Unclassified,IMEG Corp,,0013000001GV5kH,1400,$1M-5M,Daniel Kopp
Engineering,Unclassified,IMS Infrastructure Management Services (2nd Org),,0013y00001f62N5,31,$50k-100k,Matthew Dell
Engineering,Unclassified,"IPT Global, LLC",,0010M00001QkMKU,13,$10k-50k,Adam Loch
Engineering,Unclassified,Industrial Automated Systems,,0013y00001Xz8wE,10,$1-10k,Aquino Farmer
Engineering,Unclassified,Infinity Group,,0013000000NQgMi,70,$50k-100k,Oliver Kaczor
Engineering,Unclassified,Inline Group INC,,0010M00001WYB6W,10,$10k-50k,Alexandra Govas
Engineering,Unclassified,"Inrange Solutions, LLC",,0013000000hLPz1,83,$1-10k,Chantel Costa
Engineering,Unclassified,Insurance Solutions Group (ISG) (Main Org),,0010M00001WaVqS,327,$100k-200k,Charlotte McGuire
Engineering,Unclassified,Integrated Sustainability Consultants Ltd,,0013000000rqFiD,39,$10k-50k,Courtney de Gray
Engineering,Unclassified,Interior Architects,,00130000001tmBg,60,$50k-100k,Joe Cohen
Engineering,Unclassified,International Living Future Institute,,00130000003m01p,49,$10k-50k,James Cummings
Engineering,Unclassified,Invetech,,0013000000ZkJeB,71,$50k-100k,Catherine Bui
Engineering,Unclassified,Irby Construction,,00130000016jCVr,26,$10k-50k,Adrian Maynes
Engineering,Unclassified,Jacobs Engineering Group Inc.,,0010M00001WZ8Rn,19,$50k-100k,Jay Dougherty
Engineering,Unclassified,Jacobs Engineering Group Inc.*,,00100000002CN82,64500,$5M-10M,Jay Dougherty
Engineering,Unclassified,"John A. Martin & Associates, Inc",,0013000001LYsJm,33,$10k-50k,Tyler Caldwell
Engineering,Unclassified,KBA,,0013000001MsMgz,19,$10k-50k,Gustavo Oliveira
Engineering,Unclassified,"KBR Wyle Services, LLC",,001ed00000t83Dx,401,$200k-600k,Adrian Maynes
Engineering,Unclassified,KCF Technologies,,00130000016jQoU,90,$200k-600k,Emma Keenan
Engineering,Unclassified,"KCI Technologies, Inc.",,0013y00001dP1Sz,,$10k-50k,Justin Key
Engineering,Unclassified,KW Engineering Inc,,001ed000009wRHB,21,$10k-50k,Julianne Kuhn
Engineering,Unclassified,Kansas City Regional Transit Alliance,,0013000001CBxsN,10,$0,Tre Addison
Engineering,Unclassified,Kapur & Associates Inc,,0013000000M1pk7,10,$1-10k,Joe Earley
Engineering,Unclassified,Kellogg Brown & Root LLC,,00100000002Jp7Q,795,$600k-1M,Adrian Maynes
Engineering,Unclassified,Kellstrom Aerospace,,0010M00001WaANN,206,$100k-200k,Lauren Reilly
Engineering,Unclassified,Kelvin Group,,0013y00001eBZWI,112,$200k-600k,Kara Reilly
Engineering,Unclassified,Kimes Engineering,,0013y00001dKwgW,,$10k-50k,Mary Mamone
Engineering,Unclassified,Klingner and Associates P.C.,,0013000000hL5K8,40,$10k-50k,Sarah Selzer
Engineering,Unclassified,Knott Laboratory,,0013000001CACfW,12,$10k-50k,Diego Garcia
Engineering,Unclassified,"LM Consultants, Inc.",,0013000001HfH5o,10,$10k-50k,daniel ashford
Engineering,Unclassified,Landscape Architecture Foundation (2nd Org),,0013y00001h7909,11,$1-10k,Joe McCusty
Engineering,Unclassified,"Life Safety Systems, Inc.",,0013000000rqvsL,159,$200k-600k,Zahir Issa
Engineering,Unclassified,Lighthouse Worldwide Solutions,,001300000013CmR,61,$100k-200k,Angela Castro-Salinas
Engineering,Unclassified,Los Angeles Conservancy,,0013000000rqN3L,20,$1-10k,Oliver Lockwood-Powell
Engineering,Unclassified,"M. Arthur Gensler Jr. & Associates, Inc.",,0013000000rp1eq,1300,$1M-5M,Owen Vater
Engineering,Unclassified,"M.J. Wells & Associates, Inc.",,0013000001CBwFA,47,$10k-50k,Jordan Karom
Engineering,Unclassified,"MASTEC NETWORK SOLUTIONS, LLC",,001ed00000V3C9G,501,$100k-200k,Jacqueline Piratello
Engineering,Unclassified,MJ Building Envelope Solutions Inc,,0010M00001Qjy4i,13,$10k-50k,Nigel Paes
Engineering,Unclassified,"MOCA Systems, Inc. (Touchplan Main Org)",,0010M00001PElh3,63,$100k-200k,Cameron Steele
Engineering,Unclassified,MWH Constructors,,0013000000AD4PX,43,$50k-100k,Alyson Barnhart
Engineering,Unclassified,MacArthur Associated Consultants,,0013y00001f9Z4I,10,$10k-50k,Cameron Mitchell
Engineering,Unclassified,Mako Steel,,0013000001Mny3e,48,$50k-100k,Emily Robertson
Engineering,Unclassified,"MasTec Network Solutions, LLC*",,0010000000131qe,22,$10k-50k,Jacqueline Piratello
Engineering,Unclassified,MasTec Power Delivery,,00130000004Cqcs,112,$100k-200k,Jacqueline Piratello
Engineering,Unclassified,Mass Design Group Ltd,,00130000016hHuO,42,$10k-50k,Audrey Kellan
Engineering,Unclassified,Materia Group Corporation (Sales Org),,00130000000Twtg,81,$100k-200k,Natasha Rajpal
Engineering,Unclassified,Material ConneXion,,0010M00001QlpsQ,10,$10k-50k,Natasha Rajpal
Engineering,Unclassified,Matlock Mechanical,,0013y00001g5PAc,11,$10k-50k,Peter Mitchell
Engineering,Unclassified,"Maxtena, Inc.",,0013000000Zmizy,19,$10k-50k,Dylan Lantry
Engineering,Unclassified,McDermott Inc,,0013000000HlRu5,277,$200k-600k,Jay Dougherty
Engineering,Unclassified,"MembranePC, MP&C",,0010M00001Qnmju,16,$10k-50k,Jacob Disbro
Engineering,Unclassified,Mente Group,,0013000000roiRe,24,$10k-50k,Emily Ambargis
Engineering,Unclassified,MiTek Inc.,,00130000002xYkO,1207,$1M-5M,Nathan Woodring
Engineering,Unclassified,Michael Baker International,,0013y00001coskw,60,$50k-100k,Adrian Maynes
Engineering,Unclassified,"Michael Baker International, LLC",,001ed00000tG4sq,1300,$200k-600k,Adrian Maynes
Engineering,Unclassified,Michaud Cooley Erickson,,0013000001J5HmN,29,$10k-50k,Jared Koch
Engineering,Unclassified,Millennium Corporation,,0013000000hIrkh,11,$10k-50k,Grant Stephens
Engineering,Unclassified,Millspaw Electronics,,001ed00000qXVwp,14,$10k-50k,Cailey Hopkinson
Engineering,Unclassified,"Milrose Consultants, Inc.",,0013000000hIVlB,789,$200k-600k,Blanton Smith
Engineering,Unclassified,Minority Engineering Program of Indianapolis,,0010M00001QkcZY,10,$1-10k,Chad Winter
Engineering,Unclassified,MistyWest,,0013000001MjTOA,19,$10k-50k,Jordan Kagan
Engineering,Unclassified,"Modern Technology Solutions, Inc.",,0013000000NPY1b,125,$100k-200k,Nate Weisbrod
Engineering,Unclassified,"Molo Design, Ltd",,0013000000hJmnl,11,$10k-50k,Ty Upson
Engineering,Unclassified,Moore Holding Co.,,0013y00001cTGy9,576,$200k-600k,Claire Metzger
Engineering,Unclassified,"Moseley Technical Services, Inc",,0013000000Em4N2,15,$10k-50k,Olivia Walker
Engineering,Unclassified,Multimatic Inc,,0013000000M2OOj,145,$100k-200k,Wynn O'Brien
Engineering,Unclassified,National Center for Construction Education & Research,,0010M00001SHiUT,108,$100k-200k,Dario Mallerman
Engineering,Unclassified,Nitrogen Services LLC,,0013y00001fFDHC,10,$10k-50k,Jacqueline Zoellner
Engineering,Unclassified,"Nova Services, Inc",,0013y00001g9iuz,15,$10k-50k,Garrett Kaltenbach
Engineering,Unclassified,"Novaspect, Inc.",,0013000000M2Qxe,2547,$200k-600k,Megan Colins
Engineering,Unclassified,Novum Structures LLC,,0013000001JyWWe,11,$10k-50k,Nick Chenault
Engineering,Unclassified,Open House New York,,0013000001L5wV5,10,$1-10k,Varun Alluri
Engineering,Unclassified,Orolia Defense & Security,,0013000001JzUNK,,$200k-600k,Theo Kyriakidis
Engineering,Unclassified,"Orthogonal Networks, Inc (dba Jellyfish)",,0010M00001bbw03,141,$200k-600k,Sean O'Neill
Engineering,Unclassified,"Osmose Utilities Services, Inc",,00130000004GZ47,3374,$1M-5M,Nate Eltzholtz
Engineering,Unclassified,P2S Inc.,,0013000000roUus,757,$200k-600k,CAROL LUONG
Engineering,Unclassified,PBK,,0013y00001cMlD1,270,$200k-600k,Matthew Letke
Engineering,Unclassified,"PM Design, Inc.",,0013000001LWfmk,20,$10k-50k,Andrew Ensign
Engineering,Unclassified,POWER-X,,001ed000003SeaL,123,$50k-100k,Brooke Pashman
Engineering,Unclassified,PROCTEK Inc,,001ed00000oUub6,25,$10k-50k,Justin Greco
Engineering,Unclassified,Paradigm USA,,0010M00001P0CCp,329,$200k-600k,Taylor Valant
Engineering,Unclassified,Parsons Services Company,,0013000000ELniu,17302,$5M-10M,Dan McLaughlin
Engineering,Unclassified,"Penguin Logistics, LLC d/b/a MHF Services",,0013000000K5sHE,50,$100k-200k,Tim Maguire
Engineering,Unclassified,Pennsylvania Transformer Technology LLC,,00130000002xaoA,49,$100k-200k,Adrian Maynes
Engineering,Unclassified,Performance Lighting Systems,,0010M00001Qo2MD,47,$100k-200k,Katie Padama
Engineering,Unclassified,Performance Systems Integration Corporation,,0013000001Mrurs,207,$100k-200k,Cydni Lewis
Engineering,Unclassified,"Philippi-Hagenbuch, Inc.",,0013000000244oT,16,$10k-50k,Bobby Miller
Engineering,Unclassified,"Photofabrication Engineering, Inc. (acquired)",,0013000000ZklDG,13,$10k-50k,Danielle Desso
Engineering,Unclassified,Planate Management Group LLC,,0010M00001QkLi1,30,$10k-50k,Stephani Robinson
Engineering,Unclassified,Plump Engineering Inc.,,0010M00001QqWmv,10,$10k-50k,Niels Bunschoten
Engineering,Unclassified,Precision Property Measurements,,001ed00000flvGx,19,$10k-50k,Dan Cohen
Engineering,Unclassified,Presto Engineering GROUP,,0013000000ZkKtl,,$10k-50k,Kennedy Grant
Engineering,Unclassified,Pro-Mec Engineering Services,,0013y00001cCgbf,15,$10k-50k,Jamie Halnan
Engineering,Unclassified,Procon Consulting,,0013000000M2nUe,60,$50k-100k,Ryan Moriarty
Engineering,Unclassified,Project South Inc,,0010M00001QqwQN,10,$1-10k,Carolyn Cozzolino
Engineering,Unclassified,Purple Heart Homes inc.,,0013000001CAQbR,34,$10k-50k,Jaylen Fenderson
Engineering,Unclassified,Quanta,,0013y00001gJJkY,385,$200k-600k,Adrian Maynes
Engineering,Unclassified,Quanta - EnergyLink,,001ed00000V6qVA,91,$200k-600k,Adrian Maynes
Engineering,Unclassified,Quanta Technology,,0013000000ZkFBD,20,$10k-50k,Adrian Maynes
Engineering,Unclassified,RESPEC,,00130000000Cskh,143,$100k-200k,Jarryd Ross
Engineering,Unclassified,RMA Companies,,0013000001J7qMm,692,$600k-1M,James Chou
Engineering,Unclassified,Rain Drain Inc.,,0010M00001Qo2Mi,16,$1-10k,Zachery Abbas
Engineering,Unclassified,Rakks,,0010M00001SHfTu,25,$10k-50k,Max Ezerzer
Engineering,Unclassified,Ramaker & Associates,,001ed000008bauL,46,$1-10k,Beth Finn
Engineering,Unclassified,Regional Plan Association (2nd),,0013y00001c87WP,10,$0,Jake Werner
Engineering,Unclassified,ResFrac,,0010M00001W87cF,11,$10k-50k,Jeremy House
Engineering,Unclassified,Resolut,,0013y00001fFBTV,70,$50k-100k,Bikna Huang
Engineering,Unclassified,Rimkus Consulting Group (2nd Org),,0010M00001YuJ8w,34,$10k-50k,Justin Kruizenga
Engineering,Unclassified,Rotaflow Controls Inc,,0010M00001P0QFV,10,$1-10k,Natalija Scepanovic
Engineering,Unclassified,"S-E-A, LTD.",,00130000002xbBG,40,$50k-100k,Eric Melia
Engineering,Unclassified,SAM LLC.,,0013000000rmrck,11,$100k-200k,Brit Morgan
Engineering,Unclassified,SIMCO Technologies,,0010M00001UEV5F,26,$10k-50k,Julie Calmon
Engineering,Unclassified,SQN Associates,,0013y00001ck2MA,27,$10k-50k,Jenny Chase
Engineering,Unclassified,"STRACK, INC.",,0010M00001YtwG3,23,$100k-200k,Laura Molinares
Engineering,Unclassified,"Saber Power Services, LLC",,0010M00001Qn0Ft,760,$600k-1M,Whitney Kong
Engineering,Unclassified,Sample Supports,,0010M00001U3zmf,15,$10k-50k,Miranda Arredondo-Chavez
Engineering,Unclassified,San Diego Lighting Associates,,0010M00001S9PZd,55,$50k-100k,Joseph Waked
Engineering,Unclassified,Saratech,,0013000000RYQcf,111,$100k-200k,Andrew Memoli
Engineering,Unclassified,Schneider Geospatial,,00130000002xWYy,94,$200k-600k,Randi Windemuller
Engineering,Unclassified,Sealing Technologies Inc,,0013000001JeRBu,35,$10k-50k,Dan McLaughlin
Engineering,Unclassified,SeamonWhiteside,,0010M00001UV2Ut,217,$100k-200k,Yvonne Khoury
Engineering,Unclassified,"Secure Energy Solutions, LLC",,0013000000NSpcN,55,$100k-200k,Kayla Deosaran
Engineering,Unclassified,SeekOps Inc.,,0010M00001W8cum,20,$10k-50k,Rose Benensohn
Engineering,Unclassified,"Service Management Group, LLC",,0010M00001YbBSq,250,$200k-600k,John Asdell
Engineering,Unclassified,"Shermco Industries, Inc.",,0013000000RaJp8,1390,$1M-5M,Lauren Reilly
Engineering,Unclassified,"Sherpa 6, Inc",,0010M00001WYJhA,18,$10k-50k,Tucker Olander
Engineering,Unclassified,Shumate Engineering,,0010M00001c5K3k,22,$100k-200k,Andres Saralegui
Engineering,Unclassified,"SidePlate Systems, Inc.",,0013000000hMV4I,21,$10k-50k,Nathan Woodring
Engineering,Unclassified,Signs and Decal,,0013000001CAkbx,18,$10k-50k,Meghan Wohleb
Engineering,Unclassified,SimuTech Group,,0013000000Jx86u,252,$200k-600k,Angus Begg
Engineering,Unclassified,"Skidmore, Owings & Merrill LLP",,0013000000M1ae3,410,$600k-1M,Katie Quinlan
Engineering,Unclassified,Skudo USA,,0013000000hJ9jh,45,$50k-100k,Ryanne Bruns
Engineering,Unclassified,"Skyline Windows, LLC",,0013000001CCxmI,77,$50k-100k,Dillon Cady
Engineering,Unclassified,Smartrise Engineering Inc.,,00130000008zMD3,24,$50k-100k,Hugo Weir
Engineering,Unclassified,Smith & Burgess,,00130000016j3S9,11,$10k-50k,Dan Schiavone
Engineering,Unclassified,"Soil and Land Use Technology, Inc. (SaLUT)",,0013000001JxvF6,70,$50k-100k,Dylan Lantry
Engineering,Unclassified,Spire Consulting,,0013000000NQB1U,84,$50k-100k,Julia DelSangro
Engineering,Unclassified,St. Moritz Group,,0013000001Jen5g,18,$10k-50k,Justin Key
Engineering,Unclassified,Staley Technologies,,0013000000roQBK,244,$200k-600k,Jacqueline Smith
Engineering,Unclassified,Stantec Consulting Services Inc,,001ed00000Mg5Mo,100,$100k-200k,Erik Evans
Engineering,Unclassified,Stonefield Engineering & Design,,0013000001GY2Kc,25,$10k-50k,Amy Cai
Engineering,Unclassified,"Streetlight Data, Inc.",,00130000016gwOR,115,$100k-200k,Jay Dougherty
Engineering,Unclassified,Sunrise Systems Inc,,0013y00001epbVt,,$1-10k,Tom Harrington
Engineering,Unclassified,Surdex Corp,,00100000000wQUu,22,$10k-50k,Kevin Cull
Engineering,Unclassified,"Syska Hennessy Group, Inc.",,00100000000wuKN,939,$200k-600k,Haley Gault
Engineering,Unclassified,TERNYO SERVICES INC.,,0010M00001QnNwS,317,$50k-100k,Sarah Le Pourhiet
Engineering,Unclassified,TIC Solutions,,001000000028A2W,165,$200k-600k,Nick Yatron
Engineering,Unclassified,TRAX International Corporation,,00130000002xZ4p,12,$10k-50k,Nate Eltzholtz
Engineering,Unclassified,"TechInsights, Inc.",,00130000007ui0A,261,$200k-600k,Kyle Wilson
Engineering,Unclassified,Terrane,,0013y00001erLpL,62,$50k-100k,Delaney Allen
Engineering,Unclassified,Tetra Tech FIT,,0013y00001cShgG,30,$50k-100k,Adrian Maynes
Engineering,Unclassified,The Cosanti Foundation,,0013000001CCAOF,10,$0,James Coburn
Engineering,Unclassified,The Day & Zimmermann Group,,00130000000Vman,292,$200k-600k,Jacqueline Piratello
Engineering,Unclassified,The Dobbert Companies (New Org),,0013000000NPfW3,24,$10k-50k,Kris Grigoryan
Engineering,Unclassified,The Rise Group,,0010M00001SJ6Wq,158,$200k-600k,Matt Tolley
Engineering,Unclassified,The Vertex Companies,,0013000000hJOL1,489,$600k-1M,Eric Laberge
Engineering,Unclassified,Thielsch Engineering,,0013000001M0b9h,15,$100k-200k,Matt Tolley
Engineering,Unclassified,Timbers-Kovar Company,,0013000000Ffn2j,29,$50k-100k,Aidan Allen
Engineering,Unclassified,TopoDOT,,0013000000Zk1Lb,18,$10k-50k,Anna Chantharasouk
Engineering,Unclassified,Torti Gallas & Partners,,0013000000M1oky,20,$10k-50k,Louis Ghanem
Engineering,Unclassified,"Tower Engineering Professionals, Inc.",,0010M00001THNeP,2329,$200k-600k,Bethany Suarez
Engineering,Unclassified,Trident Hazmat,,0010M00001YaltL,14,$10k-50k,Cameron Steele
Engineering,Unclassified,Utility Safety & Design Inc,,0013y00001f62XP,53,$1-10k,Brandon Straeb
Engineering,Unclassified,"VSE Aviation, Inc (VSE)",,0013000001JzMOX,151,$200k-600k,Lauren Reilly
Engineering,Unclassified,Valkyrie,,001ed00000KWeep,34,$50k-100k,Justin Key
Engineering,Unclassified,Vatn Systems,,001ed00000CE3vB,15,$10k-50k,Shahan Pervaiz
Engineering,Unclassified,Veregy,,0013000001KakIm,110,$100k-200k,Quinn Dunnigan
Engineering,Unclassified,Vestal Corporation,,0010M00001QoSHp,34,$50k-100k,Natalie Oliver
Engineering,Unclassified,WSB & Associates,,0013000000RXXjv,285,$200k-600k,Troy Cardona
Engineering,Unclassified,Waltonen Engineering,,0013000000rqtDY,14,$10k-50k,Jarred Blackadder
Engineering,Unclassified,"Wausau Homes, Incorporated",,0013000000M0znd,33,$100k-200k,Troy Cardona
Engineering,Unclassified,"Westpak, Inc.",,0013000000ZjBaG,290,$200k-600k,Sina Tuncer
Engineering,Unclassified,"Wetland Studies and Solutions, Inc.",,0013y00001f9S8u,370,$200k-600k,Oresta Shulakewych
Engineering,Unclassified,"Widelity, Inc",,0013000000M2Vnv,30,$10k-50k,Clayton Gravesande
Engineering,Unclassified,William E Groves Construction Inc,,0013y00001d0Li5,36,$50k-100k,Adrian Maynes
Engineering,Unclassified,Wold A&E,,0013000000M2RwA,50,$50k-100k,Andrew Bowie
Engineering,Unclassified,"Woodard & Curran, Inc.",,00130000002xXH5,131,$200k-600k,Michael Gregorio
Engineering,Unclassified,Woolpert,,00100000000rUnU,51,$50k-100k,John Monaghan
Engineering,Unclassified,Worley Group Inc.*,,0013000000M1buC,1949,$1M-5M,Nathan Woodring
Engineering,Unclassified,Wrap Media LLC,,0013000001L6WNR,14,$0,Regina Kassar
Engineering,Unclassified,"Wunderlich-Malec Engineering, Inc.",,0013000000M1ouo,627,$200k-600k,AVIS WRIGHT
Engineering,Unclassified,Xradar BC Inc.,,0013y00001dLzcQ,72,$50k-100k,Brady Mulhern
Engineering,Unclassified,Yulista Holdings LLC (2nd Org),,0013y00001cHUtT,55,$100k-200k,Kimberly Sobrero
Engineering,Unclassified,ZONA Glass Wall Systems,,001ed00000OtOS8,11,$10k-50k,Andrew Braunstein
Engineering,Unclassified,"Zero Industrial, Inc.",,001ed00000Ik4Ss,13,$10k-50k,Dominique Steffen
Engineering,Unclassified,eAtlantic Engineering,,0013y00001cQ6fY,22,$10k-50k,Bob Schultz
Engineering,Unclassified,eGPS Solutions,,0013000001GjLaT,12,$10k-50k,Jake Hildebrandt
Engineering,Unclassified,iSuite LLC,,0013000001JyjNv,75,$50k-100k,Jose Rivera
Engineering,Unclassified,sixteen5hundred,,001ed00000uDHR0,70,$10k-50k,Hannah Huggins
